ticker,corp_code,corp_name,modify_date
060310,00378363,3S,20240801
095570,00365387,AJ네트웍스,20250327
006840,00125080,AK홀딩스,20250108
054620,00296078,APS,20250418
265520,01203808,AP시스템,20250404
211270,00874803,AP위성,20250502
109960,00653194,AP헬스케어,20240612
139050,00656021,BF랩스,20250226
027410,00219097,BGF,20221208
282330,01263022,BGF리테일,20231103
126600,00599595,BGF에코머티리얼즈,20231213
138930,00858364,BNK금융지주,20230320
001460,00122579,BYC,20230810
013720,00151605,CBI,20211229
083790,00407814,CG인바이츠,20250331
001040,00148540,CJ,20230109
079160,00303873,CJ CGV,20250326
035760,00265324,CJ ENM,20250207
311690,01071041,CJ 바이오사이언스,20230214
000120,00113410,CJ대한통운,20240326
011150,00129013,CJ씨푸드,20250106
097950,00635134,CJ제일제당,20240701
051500,00127954,CJ프레시웨이,20240626
058820,00380429,CMG제약,20230717
023460,00149266,CNH,20240401
056730,00318662,CNT85,20250430
065770,00303703,CS,20240702
083660,00406037,CSA 코스믹,20240708
000590,00149026,CS홀딩스,20221208
012030,00163345,DB,20221214
005830,00159102,DB손해보험,20230110
016610,00115694,DB증권,20250527
000990,00160843,DB하이텍,20230330
099520,00627029,DGI,20240809
060900,00367695,DGP,20230612
000300,00126089,DH오토넥스,20250502
290120,01182578,DH오토리드,20240229
025440,00110583,DH오토웨어,20250110
015590,00108746,DKME,20250519
000210,00109693,DL,20230502
375500,01524093,DL이앤씨,20240816
068790,00361594,DMS,20230331
007340,00116949,DN오토모티브,20230412
004840,00118266,DRB동일,20230324
241520,01109715,DSC인베스트먼트,20211206
155660,00110608,DSR,20230223
069730,00151298,DSR제강,20221202
017860,00108612,DS단석,20231222
180400,00995993,DXVX,20230821
092780,00117726,DYP,20250425
017940,00165583,E1,20230105
418620,01516890,E8,20250522
245620,01182550,EDGC,20241113
037370,00261054,EG,20231108
278990,01117246,EMB,20230217
365550,01437186,ESR켄달스퀘어리츠,20230119
050120,00175623,ES큐브,20240812
383220,01568413,F&F,20250414
007700,00126487,F&F 홀딩스,20250414
214270,01061497,FSN,20250409
130500,00491938,GH신소재,20230220
114090,00557508,GKL,20241203
900290,01170962,GRT,20181122
078930,00500254,GS,20221227
083450,00540863,GST,20250327
006360,00120030,GS건설,20250218
001250,00138190,GS글로벌,20250429
007070,00140177,GS리테일,20250321
499790,01882845,GS피앤엘,20250218
297890,00523936,HB솔루션,20220907
440290,00309460,HB인베스트먼트,20240220
078150,00255275,HB테크놀러지,20221209
012630,00164636,HDC,20250327
039570,00350312,HDC랩스,20240509
089470,00357935,HDC현대EP,20250327
294870,01310269,HDC현대산업개발,20250327
009540,00164830,HD한국조선해양,20240401
267250,01205709,HD현대,20240130
267270,01205842,HD현대건설기계,20230518
443060,01194689,HD현대마린솔루션,20250326
071970,00406046,HD현대마린엔진,20240814
010620,00164609,HD현대미포,20240415
322000,01199550,HD현대에너지솔루션,20231101
042670,00344287,HD현대인프라코어,20230426
267260,01205851,HD현대일렉트릭,20250326
329180,01390344,HD현대중공업,20240327
097230,00633835,HJ중공업,20240401
195940,01012066,HK이노엔,20240701
014790,00161116,HL D&I,20240925
028300,00199252,HLB,20240418
003580,00169048,HLB글로벌,20240529
278650,01189438,HLB바이오스텝,20250327
343090,01413371,HLB사이언스,20250502
067630,00365590,HLB생명과학,20230502
024850,00155586,HLB이노베이션,20250520
187420,00983916,HLB제넥스,20241230
047920,00336817,HLB제약,20240313
115450,00552859,HLB테라퓨틱스,20230710
046210,00172079,HLB파나진,20250217
196300,00808086,HLB펩,20250430
204320,01042775,HL만도,20230327
060980,00299002,HL홀딩스,20230329
011200,00164645,HMM,20250327
403870,01288827,HPSP,20250226
036640,00230911,HRS,20240826
035000,00140168,HS애드,20241008
002460,00174527,HS화성,20250331
487570,01854763,HS효성,20240826
298050,01316254,HS효성첨단소재,20250325
439730,01675421,IBKS제20호스팩,20240520
442770,01682740,IBKS제21호스팩,20240326
448760,01701328,IBKS제22호스팩,20240326
467930,01785700,IBKS제23호스팩,20240927
469480,01792791,IBKS제24호스팩,20240201
015360,00105101,INVENI,20250417
095340,00572905,ISC,20250331
175330,00980122,JB금융지주,20230113
950170,01041828,JTC,20241016
234080,00225706,JW생명과학,20241203
067290,00110431,JW신약,20230512
001060,00149947,JW중외제약,20240701
096760,00632304,JW홀딩스,20240328
035900,00258689,JYP Ent.,20221206
318000,00876166,KBG,20250225
024840,00158024,KBI메탈,20240329
105560,00688996,KB금융,20250108
415640,01880801,KB발해인프라,20241129
432320,01622720,KB스타리츠,20230726
024120,00157539,KB오토시스,20221205
455250,01724709,KB제25호스팩,20230623
464680,01785551,KB제27호스팩,20231103
476470,01810796,KB제28호스팩,20240517
478390,01816268,KB제29호스팩,20240621
486630,01851650,KB제30호스팩,20240925
492220,01866926,KB제31호스팩,20241212
021320,00105466,KCC건설,20240401
009440,00159971,KC그린홀딩스,20240308
112190,00366517,KC산업,20230111
119650,00797364,KC코트렐,20241022
044180,00111218,KD,20250331
092220,00589127,KEC,20250328
046440,00405278,KG모빌리언스,20230324
003620,00138242,KG모빌리티,20240514
016380,00115676,KG스틸,20230605
151860,00366137,KG에코솔루션,20250502
035600,00264547,KG이니시스,20230324
001390,00101220,KG케미칼,20230220
226360,01097906,KH 건설,20240314
111870,00125965,KH 미래물산,20241022
033180,00193009,KH 필룩스,20231108
060720,00378628,KH바텍,20230215
001940,00159740,KISCO홀딩스,20241231
058400,00208134,KNN,20211213
025000,00191472,KPX케미칼,20240325
092230,00587466,KPX홀딩스,20221128
000040,00112378,KR모터스,20240701
044450,00160232,KSS해운,20231116
101000,00618410,KS인더스트리,20250328
058850,00372882,KTcs,20250331
058860,00372873,KTis,20240731
089600,00486097,KT나스미디어,20250425
418470,01467451,KT밀리의서재,20250512
043610,00223762,KT지니뮤직,20250418
122450,00657987,KX,20250331
052900,00276834,KX하이텍,20240327
036560,00141389,KZ정밀,20250414
061970,00412348,LB세미콘,20230921
309960,00231901,LB인베스트먼트,20230329
093050,00593032,LF,20221209
003550,00120021,LG,20221220
034220,00105873,LG디스플레이,20240325
051900,00356370,LG생활건강,20230329
064400,00139834,LG씨엔에스,20250205
373220,01515323,LG에너지솔루션,20240326
032640,00231363,LG유플러스,20250326
011070,00105961,LG이노텍,20240322
066570,00401731,LG전자,20231218
037560,00222532,LG헬로비전,20230216
051910,00356361,LG화학,20230106
079550,00503668,LIG넥스원,20240326
225190,00992543,LK삼양,20240423
006260,00105952,LS,20230106
000680,00104698,LS네트웍스,20220330
060370,00225742,LS마린솔루션,20250326
417200,01528141,LS머트리얼즈,20231212
229640,01093007,LS에코에너지,20250404
078020,00330424,LS증권,20240621
322180,01309388,LS티라유텍,20250515
108320,00525934,LX세미콘,20240322
001120,00120076,LX인터내셔널,20231115
108670,00759513,LX하우시스,20250327
383800,01562589,LX홀딩스,20230217
476080,01704680,M83,20250102
086960,00445841,MDS테크,20250224
023150,00121534,MH에탄올,20250321
035420,00266961,NAVER,20240311
160550,00974927,NEW,20221130
053290,00363927,NE능률,20221202
060250,00357740,NHN KCP,20240502
104200,00645089,NHN벅스,20240424
400760,01480780,NH올원리츠,20240603
005940,00120182,NH투자증권,20240328
338100,01391033,NH프라임리츠,20230222
034310,00158316,NICE,20240102
063570,00363769,NICE인프라,20250425
030190,00158325,NICE평가정보,20250102
008260,00116301,NI스틸,20230327
222160,01037542,NPX,20250328
456040,01760738,OCI,20250428
010060,00148896,OCI홀딩스,20250327
178920,00767460,PI첨단소재,20230324
001340,00122472,PKC,20250421
024940,00133557,PN풍년,20221212
005490,00155319,POSCO홀딩스,20250321
332570,01015160,PS일렉트로닉스,20250507
218410,01078178,RFHIC,20240401
327260,01343665,RF머트리얼즈,20250328
474610,01286476,RF시스템즈,20241129
091340,00580667,S&K폴리텍,20250324
010950,00138279,S-Oil,20230510
419530,01082418,SAMG엔터,20230425
019550,00156910,SBI인베스트먼트,20250328
950110,00938688,SBI핀테크솔루션즈,20200401
034120,00130772,SBS,20231128
003080,00132725,SB성보,20250422
246960,01110182,SCL사이언스,20240904
099220,00574611,SDN,20240401
036540,00301246,SFA반도체,20230811
255220,00963976,SG,20230220
040610,00264714,SG&G,20250502
049470,00351579,SGA,20250226
184230,00988364,SGA솔루션즈,20240801
016250,00141246,SGC E&C,20240426
005090,00125150,SGC에너지,20240422
001380,00152039,SG글로벌,20221128
004060,00133511,SG세계물산,20221209
001770,00137809,SHD,20230130
002360,00136457,SH에너지화학,20221212
009160,00138260,SIMPAC,20230109
033530,00134510,SJG세종,20240924
034730,00181712,SK,20240328
357880,01381984,SKAI,20250312
011790,00139889,SKC,20240823
018670,00144164,SK가스,20230104
001740,00131780,SK네트웍스,20240826
006120,00131832,SK디스커버리,20250327
210980,00508344,SK디앤디,20230224
395400,01535150,SK리츠,20221220
302440,01319899,SK바이오사이언스,20240701
402340,01596425,SK스퀘어,20240816
260870,01188730,SK시그넷,20250331
361610,01386916,SK아이이테크놀로지,20250326
100090,00480367,SK오션플랜트,20230419
096770,00631518,SK이노베이션,20241216
475150,01817081,SK이터닉스,20240411
001510,00131850,SK증권,20240326
457940,01744703,SK증권제10호스팩,20230811
472230,01797440,SK증권제11호스팩,20240304
473000,01798722,SK증권제12호스팩,20240507
473950,01801822,SK증권제13호스팩,20240725
455910,01725577,SK증권제9호스팩,20230721
285130,01267170,SK케미칼,20230329
017670,00159023,SK텔레콤,20230217
000660,00164779,SK하이닉스,20240328
048550,00185046,SM C&C,20250326
063440,00367604,SM Life Design,20250325
003570,00134477,SNT다이내믹스,20230315
064960,00398792,SNT모티브,20221115
100840,00648721,SNT에너지,20220809
036530,00225159,SNT홀딩스,20230222
067160,00399694,SOOP,20250331
005610,00125530,SPC삼립,20241216
011810,00138297,STX,20221206
465770,01784394,STX그린로지스,20250331
077970,00480455,STX엔진,20230331
002820,00132211,SUN&L,20240412
289080,00599151,SV인베스트먼트,20220520
002710,00117300,TCC스틸,20250328
089230,00519252,THE E&M,20240206
032540,00201733,TJ미디어,20221115
022220,00140061,TKG애강,20230330
007980,00154329,TP,20240422
048770,00108649,TPC,20220225
246690,00778235,TS인베스트먼트,20230327
317240,01353024,TS트릴리온,20250224
002900,00117230,TYM,20240729
024070,00142865,WISCOM,20230327
057030,00307222,YBM넷,20221219
037270,00249247,YG PLUS,20230220
040300,00200275,YTN,20240529
051390,00296263,YW,20221212
052220,00370006,iMBC,20240701
139130,00878915,iM금융지주,20250415
079940,00506294,가비아,20241004
078890,00441304,가온그룹,20230417
000500,00104768,가온전선,20230324
399720,01364747,가온칩스,20230216
296520,01229240,가이아코퍼레이션,20240730
036620,00261009,감성코퍼레이션,20221118
000860,00100939,강남제비스코,20230214
198440,01032583,강동씨앤엘,20250327
217730,01025644,강스템바이오텍,20241209
035250,00255619,강원랜드,20231206
114190,00100601,강원에너지,20240502
094480,00587457,갤럭시아머니트리,20230102
011420,00129554,갤럭시아에스엠,20211213
039240,00206039,경남스틸,20221206
053950,00307028,경남제약,20240611
002100,00101433,경농,20240226
009450,00101488,경동나비엔,20250327
267290,01208885,경동도시가스,20230215
012320,00143527,경동인베스트,20230216
011040,00101549,경동제약,20240701
000050,00101628,경방,20221208
214390,00101664,경보제약,20250207
012610,00102113,경인양행,20230227
009140,00102140,경인전자,20221202
024910,00102353,경창산업,20250328
013580,00102432,계룡건설산업,20240603
012200,00102618,계양전기,20240701
002140,00102751,고려산업,20240702
049720,00336297,고려신용정보,20221214
010130,00102858,고려아연,20250509
002240,00103006,고려제강,20240401
014570,00103015,고려제약,20240701
348150,01399071,고바이오랩,20220802
950190,01416235,고스트스튜디오,20240828
098460,00579999,고영,20250401
035290,00249502,골드앤에스,20231229
215000,01067516,골프존,20230220
121440,00674498,골프존홀딩스,20250422
366030,01307335,공구우먼,20240827
009290,00103592,광동제약,20241007
086220,00523176,광동헬스바이오,20240701
014200,00103635,광림,20241204
017040,00103662,광명전기,20250425
029480,00186452,광무,20240909
017900,00152729,광전자,20230330
037710,00220561,광주신세계,20230221
026910,00104120,광진실업,20241114
440790,01677678,교보13호스팩,20221115
456490,01760640,교보14호스팩,20230706
465320,01781847,교보15호스팩,20231205
482520,01845701,교보16호스팩,20240813
489210,01866528,교보17호스팩,20241121
030610,00113359,교보증권,20230102
339770,00453284,교촌에프앤비,20240329
053270,00202060,구영테크,20240924
007690,00104388,국도화학,20250131
001140,00104519,국보,20250408
066620,00253985,국보디자인,20240325
043650,00256715,국순당,20221208
006050,00104537,국영지앤엠,20250326
060480,00203847,국일신동,20250326
078130,00104573,국일제지,20240130
307750,01329957,국전약품,20220228
002720,00104722,국제약품,20240701
035080,00244561,그래디언트,20250507
453450,01299203,그리드위즈,20240614
204020,00671978,그리티,20230221
402490,01370863,그린리소스,20240430
114450,00532059,그린생명과학,20240701
083420,00454946,그린케미칼,20221201
186230,00602279,그린플러스,20230328
014530,00105156,극동유화,20220216
900070,00783246,글로벌에스엠,20240326
204620,01042711,글로벌텍스프리,20241231
019660,00159731,글로본,20250324
014280,00105299,금강공업,20230131
053260,00105475,금강철강,20221130
008870,00168401,금비,20220816
001570,00106119,금양,20230621
282720,00872656,금양그린파워,20230313
002990,00106313,금호건설,20231219
011780,00106368,금호석유화학,20230104
214330,00105606,금호에이치티,20221201
001210,00106395,금호전기,20221129
073240,00481454,금호타이어,20241231
036190,00176516,금화피에스시,20230217
049080,00377018,기가레인,20240502
420770,00765569,기가비스,20230524
035460,00258421,기산텔레콤,20230220
092440,00106614,기신정기,20240813
000270,00106641,기아,20230109
024110,00149646,기업은행,20240604
456700,00874797,길교이앤씨,20230726
013700,00129420,까뮤이앤씨,20240105
004540,00113492,깨끗한나라,20250331
407400,01586455,꿈비,20240226
187790,00994994,나노,20221128
121600,00439965,나노신소재,20221121
286750,01136001,나노실리칸첨단소재,20250422
247660,00660459,나노씨엠에스,20230926
039860,00230425,나노엔텍,20221202
091970,00542074,나노캠텍,20231006
417010,01524118,나노팀,20240219
244880,01117422,나눔테크,20230215
405920,01021639,나라셀라,20230919
288490,01267550,나라소프트,20250509
051490,00297095,나라엠앤디,20240701
137080,00362122,나래나노텍,20250514
190510,00819374,나무가,20240723
242040,01136348,나무기술,20230223
293580,00651017,나우IB,20230919
459510,01594791,나우로보틱스,20250508
257990,00425254,나우코스,20240201
138610,00767628,나이벡,20240701
130580,00606293,나이스디앤비,20240930
036800,00264945,나이스정보통신,20240327
267320,01208849,나인테크,20220622
001260,00107066,남광토건,20250327
008350,00107224,남선알미늄,20220331
004270,00172185,남성,20240426
003920,00107598,남양유업,20240701
025860,00107987,남해화학,20250131
111710,00245694,남화산업,20220502
091590,00108001,남화토건,20250327
168330,00923792,내츄럴엔도텍,20231206
094860,00599106,네오리진,20221202
253590,01170865,네오셈,20221209
212560,00876865,네오오토,20240401
095660,00628860,네오위즈,20230222
042420,00266952,네오위즈홀딩스,20230221
950220,01511558,네오이뮨텍,20250403
311390,01219155,네오크레마,20240925
085910,00447928,네오티스,20230206
092730,00551920,네오팜,20230713
290660,01246034,네오펙트,20230222
306620,01325429,네온테크,20221212
153460,00842585,네이블,20240415
007390,00117276,네이처셀,20241231
033640,00227333,네패스,20240329
330860,01368354,네패스아크,20240329
351320,01440153,넥사다이내믹스,20250514
005720,00167192,넥센,20250327
002350,00173874,넥센타이어,20250327
089140,00416414,넥스턴바이오,20250401
389650,01385050,넥스트바이오메디컬,20240820
137940,00614593,넥스트아이,20240111
396270,01515864,넥스트칩,20240219
348210,01080252,넥스틴,20231218
092790,00220613,넥스틸,20231018
225570,01096341,넥슨게임즈,20240110
205500,01042429,넥써쓰,20250228
217270,01067808,넵튠,20250521
251270,00904672,넷마블,20250401
317860,01328170,노드메이슨,20230228
104620,00632845,노랑풍선,20221129
090350,00583442,노루페인트,20250324
000320,00113508,노루홀딩스,20221208
473980,01703849,노머스,20250324
194700,00811372,노바렉스,20240701
285490,01259232,노바텍,20230223
145170,00305941,노브랜드,20250401
229500,01065785,노브메타파마,20221122
106520,00536329,노블엠앤비,20240814
376930,01494118,노을,20240905
006280,00129679,녹십자,20240701
142280,00513948,녹십자엠에스,20250326
234690,01135057,녹십자웰빙,20241018
005250,00108135,녹십자홀딩스,20230220
004370,00108241,농심,20250416
072710,00459871,농심홀딩스,20230330
054050,00176835,농우바이오,20250502
069140,00410997,누리플랜,20231220
040160,00269889,누리플렉스,20240401
332290,01394669,누보,20230224
348340,01336461,뉴로메카,20231204
060260,00351375,뉴보텍,20240718
123840,00809429,뉴온,20250328
012340,00105040,뉴인텍,20230502
270870,01214248,뉴트리,20240701
144960,00521390,뉴파워프라즈마,20241126
085670,00493510,뉴프렉스,20221213
064260,00389970,다날,20240103
340360,01416642,다보링크,20250512
039560,00268251,다산네트웍스,20221129
154040,00624518,다산솔루에타,20250526
058730,00353878,다스코,20230508
030210,00156859,다올투자증권,20250206
023590,00176914,다우기술,20231106
032190,00238782,다우데이타,20250314
323350,01344363,다원넥스뷰,20240611
068240,00523307,다원시스,20211206
145210,00453488,다이나믹디자인,20240701
483650,01649204,달바글로벌,20250522
464580,01605282,닷밀,20250225
019680,00108913,대교,20250326
006370,00108977,대구백화점,20221128
008060,00109189,대덕,20230216
353200,01478712,대덕전자,20230216
000490,00109286,대동,20211213
178600,00910202,대동고려삼,20240902
020400,00191287,대동금속,20230907
008830,00109310,대동기어,20250328
048470,00109268,대동스틸,20240502
008110,00157104,대동전자,20220316
004780,00109587,대륙제관,20221212
005750,00109754,대림바스,20250411
017650,00109781,대림제지,20230228
006570,00109824,대림통상,20240228
389260,01150515,대명에너지,20240415
317850,00450995,대모,20240628
290670,01259418,대보마그네틱,20230224
078140,00442826,대봉엘에스,20221213
065150,00390860,대산F&B,20250217
001680,00121941,대상,20240701
084690,00539274,대상홀딩스,20221206
036480,00177320,대성미생물,20230327
128820,00828789,대성산업,20231020
117580,00787376,대성에너지,20240321
027830,00109037,대성창투,20240401
104040,00442905,대성파인텍,20211207
129920,00577335,대성하이텍,20221208
016710,00108940,대성홀딩스,20230621
442310,01696451,대신밸런스제14호스팩,20221205
457630,01738483,대신밸런스제16호스팩,20230904
471050,01792825,대신밸런스제17호스팩,20240124
478780,01817610,대신밸런스제18호스팩,20240822
482690,01845534,대신밸런스제19호스팩,20241120
020180,00110875,대신정보통신,20240522
003540,00110893,대신증권,20230131
045390,00318316,대아티아이,20250327
009190,00111111,대양금속,20250115
108380,00111193,대양전기공업,20221213
014160,00111458,대영포장,20220405
047040,00124540,대우건설,20241213
003090,00111810,대웅,20241025
069620,00427483,대웅제약,20240329
007680,00111838,대원,20241120
000430,00111847,대원강업,20250122
048910,00351807,대원미디어,20221207
005710,00111874,대원산업,20211213
006340,00260392,대원전선,20211229
003220,00111999,대원제약,20250102
024890,00112022,대원화성,20221214
290380,00384948,대유,20241216
002880,00149804,대유에이텍,20250402
120240,00250997,대정화금,20221206
003310,00112457,대주산업,20241122
114920,00414540,대주이엔티,20240401
078600,00177816,대주전자재료,20221207
393970,01549472,대진첨단소재,20250306
012800,00112651,대창,20250327
015230,00112679,대창단조,20230222
096350,00177870,대창솔루션,20250428
140520,00112721,대창스틸,20221201
131220,00608316,대한과학,20221205
010170,00113261,대한광통신,20241017
054670,00207375,대한뉴팜,20250417
001070,00112970,대한방직,20220204
023910,00113128,대한약품,20240701
006650,00260383,대한유화,20221215
001440,00113207,대한전선,20240404
084010,00113225,대한제강,20230403
001790,00113234,대한제당,20240701
001130,00113243,대한제분,20240701
003490,00113526,대한항공,20221229
005880,00113535,대한해운,20250401
003830,00113544,대한화섬,20250502
016090,00113614,대현,20240401
069460,00428729,대호에이엘,20250124
021040,00166175,대호특수강,20240718
067080,00210740,대화제약,20240701
298540,01214743,더네이쳐홀딩스,20230216
032860,00205687,더라미,20250325
214610,01049167,더바이오메드,20250509
475560,00968607,더본코리아,20241106
192080,01010110,더블유게임즈,20230418
393890,01291317,더블유씨피,20230208
299170,01318261,더블유에스아이,20230817
012510,00172291,더존비즈온,20221223
462860,01563667,더즌,20250324
224060,00530413,더코디,20250401
302920,00991225,더콘텐츠온,20241227
043090,00351454,더테크놀로지,20240624
213420,01061558,덕산네오룩스,20241104
317330,01021666,덕산테코피아,20230222
077360,00471068,덕산하이메탈,20241104
004830,00114093,덕성,20221109
090410,00454937,덕신이피씨,20250307
263600,00571298,덕우전자,20230223
194480,01008762,데브시스터즈,20250211
373160,01455492,데이원컴퍼니,20250124
263800,00877819,데이타솔루션,20230221
199150,00553025,데이터스트림즈,20230220
206560,01021949,덱스터,20220228
261200,01187494,덴티스,20221124
145720,00526599,덴티움,20240715
227420,01109690,도부,20250526
067990,00449379,도이치모터스,20230223
002150,00114552,도화엔지니어링,20230327
006620,00114686,동구바이오제약,20240701
100130,00415594,동국S&C,20240327
005160,00172680,동국산업,20240802
303810,01233465,동국생명과학,20250217
460850,01765256,동국씨엠,20250219
075970,00472890,동국알앤에스,20230323
460860,01765265,동국제강,20240702
086450,00114808,동국제약,20240701
001230,00114792,동국홀딩스,20240502
023450,00115065,동남합성,20221229
004140,00115287,동방,20221124
240550,01073261,동방메디컬,20250213
099410,00526678,동방선기,20230330
007590,00115384,동방아그로,20221129
005960,00115612,동부건설,20230323
026960,00144395,동서,20250324
002210,00116268,동성제약,20241015
102260,00679314,동성케미컬,20250502
033500,00231105,동성화인텍,20230713
025950,00116408,동신건설,20250410
000640,00116824,동아쏘시오홀딩스,20240809
170900,00956930,동아에스티,20240809
088130,00489243,동아엘텍,20240327
028100,00178754,동아지질,20250327
041930,00199988,동아화성,20221212
001520,00117337,동양,20250401
084670,00540641,동양고속,20240329
082640,00117267,동양생명,20250106
060380,00178851,동양에스텍,20221202
079960,00178790,동양이엔피,20231116
008970,00117629,동양철관,20230220
228340,00993931,동양파일,20221124
088910,00228712,동우팜투테이블,20230403
094170,00695969,동운아나텍,20221130
049770,00340917,동원F&B,20240701
013120,00117966,동원개발,20250331
018500,00118008,동원금속,20220311
006040,00118026,동원산업,20250327
030720,00118044,동원수산,20240401
014820,00132637,동원시스템즈,20250327
111380,00367710,동인기연,20231121
163560,00939687,동일고무벨트,20250321
109860,00118284,동일금속,20220225
032960,00199076,동일기연,20250313
004890,00172936,동일산업,20221215
023790,00172945,동일스틸럭스,20241227
002690,00118451,동일제강,20230403
005290,00118804,동진쎄미켐,20250226
025900,00173032,동화기업,20230331
000020,00119195,동화약품,20250327
000150,00117212,두산,20250401
454910,01105153,두산로보틱스,20250401
241560,01032486,두산밥캣,20221229
034020,00159616,두산에너빌리티,20230111
131970,00563545,두산테스나,20250516
336260,01412725,두산퓨얼셀,20250328
016740,00119672,두올,20240520
073190,00407771,듀오백,20231204
176750,00867034,듀켐바이오,20250304
030350,00230036,드래곤플라이,20240603
203650,01038693,드림시큐리티,20250327
223250,00916826,드림씨아이에스,20230214
060570,00364467,드림어스컴퍼니,20240701
362990,01492688,드림인사이트,20240906
192650,00415646,드림텍,20240624
016670,00125725,디모아,20221130
187870,00624509,디바이스,20250425
477760,01814589,디비금융스팩12호,20240618
489730,01857991,디비금융제13호스팩,20241128
024090,00177199,디씨엠,20221212
003160,00118275,디아이,20221205
001530,00118345,디아이동일,20230215
092200,00112165,디아이씨,20230216
110990,00576798,디아이티,20240418
263690,00966168,디알젬,20220221
214680,01062867,디알텍,20230222
347850,01376715,디앤디파마텍,20240920
377190,01475609,디앤디플랫폼리츠,20240122
263720,01186404,디앤씨미디어,20250416
376300,01456011,디어유,20250217
109740,00530121,디에스케이,20220223
031860,00180865,디에이치엑스컴퍼니,20250512
196490,00660121,디에이테크놀로지,20240402
066900,00303192,디에이피,20231205
092070,00569691,디엔에프,20241014
039840,00115931,디오,20240528
013570,00117179,디와이,20230327
024900,00114154,디와이덕양,20250502
219550,01089378,디와이디,20250203
310870,01336443,디와이씨,20230223
210540,01059605,디와이파워,20221213
104460,00602136,디와이피엔에프,20241202
079810,00445160,디이엔티,20250502
113810,00576789,디젠스,20221212
043360,00295547,디지아이,20221205
197140,00681373,디지캡,20241210
068930,00398808,디지털대성,20230223
033130,00231442,디지틀조선,20221026
105740,00533003,디케이락,20221213
263020,00892526,디케이앤디,20230223
290550,01137903,디케이티,20230403
066670,00371740,디티씨,20240425
187220,00675594,디티앤씨,20250331
383930,01437432,디티앤씨알오,20230216
131180,00629212,딜리,20250219
315640,01344831,딥노이드,20250131
223310,01075126,딥마인드,20241205
317120,01327092,라닉스,20230216
462510,01504211,라메디텍,20241104
042510,00255433,라온시큐어,20240103
232680,00911229,라온테크,20231117
418420,00965512,라온텍,20230706
300120,01251489,라온피플,20240510
171120,00317104,라이온켐텍,20250331
388790,01569102,라이콤,20231010
214260,01058101,라파스,20220225
403360,01466832,라피치,20240521
171010,00654272,램테크놀러지,20221209
084650,00545114,랩지노믹스,20250311
217500,01068348,러셀,20211108
092590,00578325,럭스피아,20220225
038390,00261355,레드캡투어,20230214
294140,01011395,레몬,20250521
443250,01468061,레뷰코퍼레이션,20250304
228670,00828761,레이,20220930
228850,00899459,레이언스,20230221
412350,01573381,레이저쎌,20230407
199550,01161432,레이저옵텍,20250217
281740,01255652,레이크머티리얼즈,20220225
277810,01261644,레인보우로보틱스,20230202
215100,01063990,로보로보,20230220
090360,00536523,로보스타,20240326
238500,01118643,로보쓰리에이아이,20250402
108490,00946030,로보티즈,20220217
900260,01139266,로스웰,20190312
223220,01060735,로지스몬,20230502
067730,00238199,로지시스,20240508
071280,00363486,로체시스템즈,20221102
376900,01335143,로킷헬스케어,20250512
032350,00231372,롯데관광개발,20221207
089860,00545716,롯데렌탈,20230324
330590,01363818,롯데리츠,20230704
000400,00113562,롯데손해보험,20241202
023530,00120526,롯데쇼핑,20250325
020150,00113997,롯데에너지머티리얼즈,20230331
280360,01258507,롯데웰푸드,20240701
286940,01262032,롯데이노베이트,20250519
004000,00157681,롯데정밀화학,20250321
004990,00120562,롯데지주,20230109
005300,00120571,롯데칠성음료,20250326
011170,00165413,롯데케미칼,20250326
071840,00158307,롯데하이마트,20240801
328130,01397620,루닛,20230220
038060,00406329,루멘스,20250106
474170,01636565,루미르,20241021
162120,00886792,루켄테크놀러지스,20240227
253610,01262023,루트락,20211209
141080,00842619,리가켐바이오,20240419
058470,00369657,리노공업,20230216
016100,00180263,리더스코스메틱,20240502
012700,00117708,리드코프,20230403
302550,01275665,리메드,20250327
073570,00440712,리튬포어스,20240809
377450,01210066,리파인,20250403
277070,00616962,린드먼아시아,20221130
042500,00352499,링네트,20221208
193250,01035678,링크드,20241014
219420,01109955,링크제니시스,20230222
439090,01136977,마녀공장,20250520
027740,00204208,마니커,20250325
195500,00770312,마니커에프앤지,20230904
357430,01442966,마스턴프리미어리츠,20240626
377480,01297898,마음AI,20230731
305090,01267967,마이크로디지탈,20220513
448780,01206717,마이크로엔엑스,20230217
098120,00568188,마이크로컨텍솔,20230223
424980,00624378,마이크로투나노,20230426
038290,00261373,마크로젠,20250401
001080,00120872,만호제강,20220607
267980,01234507,매일유업,20250102
005990,00120924,매일홀딩스,20240701
093520,00596677,매커스,20230410
088980,00435297,맥쿼리인프라,20200715
094800,00600013,맵스리얼티1,20190405
179720,00978075,머니무브,20240415
100590,00364740,머큐리,20250326
067280,00425351,멀티캠퍼스,20230316
072870,00422284,메가스터디,20221202
215200,01074862,메가스터디교육,20240806
133750,00807555,메가엠디,20230803
446540,00923516,메가터치,20240508
235980,01336373,메드팩토,20240214
200580,01018617,메디쎄이,20240904
041920,00273439,메디아나,20240109
233250,01035942,메디안디노스틱,20241219
014100,00267854,메디앙스,20240502
236340,01023822,메디젠휴먼케어,20230602
054180,00356839,메디콕스,20250218
086900,00580199,메디톡스,20240701
078160,00453929,메디포스트,20240701
138040,00860332,메리츠금융지주,20230105
408920,01596656,메쎄이상,20230404
021880,00136101,메이슨캐피탈,20230220
140410,00808022,메지온,20221227
241770,00652007,메카로,20230502
090370,00442835,메타랩스,20240805
059210,00317681,메타바이오메드,20240701
118000,00791209,메타케어,20240829
058110,00270113,멕아이씨에스,20230216
017180,00121039,명문제약,20240703
009900,00173078,명신산업,20230330
012690,00173102,모나리자,20250326
005360,00121288,모나미,20230220
070960,00365989,모나용평,20250204
434480,01583652,모니터랩,20240520
080420,00480048,모다이노칩,20240329
417970,00657783,모델솔루션,20240701
080160,00456218,모두투어,20230713
087260,00556615,모바일어플라이언스,20220225
101330,00498001,모베이스,20240913
012860,00137234,모베이스전자,20240103
363260,01493535,모비데이즈,20230427
348030,01210190,모비릭스,20250331
250060,01165155,모비스,20241015
288980,01423837,모아데이타,20230223
142760,00587925,모아라이프플러스,20240417
033200,00241209,모아텍,20240701
333050,01407158,모코엠시스,20250102
009680,00151128,모토닉,20240726
118990,00876908,모트렉스,20241212
463480,00367400,모티브링크,20250220
006920,00163318,모헨즈,20230327
009580,00119007,무림P&P,20240701
001810,00121507,무림SP,20240701
009200,00136086,무림페이퍼,20240701
322970,01293388,무진메디,20220708
033920,00121543,무학,20230222
008420,00121570,문배철강,20230327
279600,01190124,미디어젠,20250411
095500,00526836,미래나노텍,20230222
254490,00299844,미래반도체,20250224
025560,00197759,미래산업,20230714
218150,01071944,미래생명자원,20240701
007120,00104786,미래아이앤지,20240228
396690,01576102,미래에셋글로벌리츠,20230110
442900,01683387,미래에셋드림스팩1호,20230315
357250,01437292,미래에셋맵스리츠,20230120
100790,00340096,미래에셋벤처투자,20221206
446190,01692321,미래에셋비전스팩2호,20230224
448830,01702424,미래에셋비전스팩3호,20240729
477380,01814233,미래에셋비전스팩4호,20240529
477470,01817249,미래에셋비전스팩5호,20240619
478440,01819867,미래에셋비전스팩6호,20240624
482680,01841635,미래에셋비전스팩7호,20240911
085620,00112332,미래에셋생명,20240329
006800,00111722,미래에셋증권,20231207
208890,00876209,미래엔에듀파트너,20240305
049950,00447760,미래컴퍼니,20220225
207760,01047840,미스터블루,20230220
081660,00195229,미스토홀딩스,20250428
002840,00121932,미원상사,20230329
268280,01234297,미원에스씨,20220225
107590,00706715,미원홀딩스,20230331
134380,00855163,미원화학,20230322
351020,01547933,미쥬,20250324
003650,00122056,미창석유공업,20241205
059090,00366942,미코,20230113
201490,00965813,미투온,20241209
475460,01374717,미트박스,20250123
452200,01689035,민테크,20241127
206640,01046708,바디텍메드,20220802
018700,00122205,바른손,20250331
035620,00259590,바른손이앤에이,20250331
354390,00533809,바스칸바이오제약,20240701
053030,00216027,바이넥스,20240701
301300,00403793,바이브컴퍼니,20241010
377740,00622787,바이오노트,20221222
064550,00326731,바이오니아,20240701
314930,01117413,바이오다인,20221229
489460,01657197,바이오비쥬,20250520
086820,00560982,바이오솔루션,20241002
038460,00240857,바이오스마트,20221206
251120,01160974,바이오에프디엔씨,20220405
199730,01110058,바이오인프라,20230329
266470,01130885,바이오인프라생명과학,20240920
289170,01352575,바이오텐,20240701
086040,00447502,바이오톡스텍,20221202
188040,01157846,바이오포트,20250516
199290,00669450,바이오프로테크,20221125
099430,00636656,바이오플러스,20230215
032980,00232089,바이온,20250207
308080,01335790,바이젠셀,20250328
043150,00264255,바텍,20241203
323990,01335851,박셀바이오,20230222
003610,00122348,방림,20220831
267790,01182240,배럴,20220725
046310,00360036,백금T&A,20240603
035150,00122551,백산,20250103
331520,01398151,밸로프,20240227
199480,01138595,뱅크웨어글로벌,20240812
438700,01605529,버넥트,20250311
066410,00378220,버킷스튜디오,20230707
002410,00122694,범양건영,20230328
382900,01435489,범한퓨얼셀,20240329
206400,01043853,베노티앤알,20230919
019010,00267906,베뉴지,20250331
177350,00813389,베셀,20230303
457600,01453944,벡트,20241216
424760,01622331,벨로크,20230612
007210,00122898,벽산,20221205
225530,00568461,보광산업,20220224
250000,01124680,보라티알,20250401
002760,00123107,보락,20221130
003850,00123143,보령,20250304
310210,01327746,보로노이,20250502
006910,00267881,보성파워텍,20211206
000890,00123541,보해양조,20250327
226340,01098792,본느,20250327
206950,00756163,볼빅,20231208
003000,00123718,부광약품,20240701
001270,00123772,부국증권,20221201
026940,00123781,부국철강,20221201
014470,00243067,부방,20230502
011390,00124027,부산산업,20230221
005030,00124151,부산주공,20221213
008470,00124276,부스타,20221116
338220,01344202,뷰노,20240115
100120,00609324,뷰웍스,20220228
406820,01147487,뷰티스킨,20230724
099390,00642897,브레인즈컴퍼니,20230224
064480,00359076,브리지텍,20221121
288330,01227039,브릿지바이오,20230906
365900,01354740,브이씨,20230217
089970,00544577,브이엠,20240424
251630,01027794,브이원텍,20250519
018290,00150165,브이티,20230721
478560,01718407,블랙야크아이앤씨,20250121
439580,01559637,블루엠텍,20241128
033560,00238001,블루콤,20250210
191600,00611286,블루탑,20230217
369370,01508855,블리츠웨이엔터테인먼트,20250508
126340,00563518,비나텍,20230220
121800,00693651,비덴트,20230822
082800,00533191,비보존 제약,20230703
318410,01153105,비비씨,20240911
002070,00107677,비비안,20221207
100220,00520887,비상교육,20240401
419540,01506848,비스토스,20230221
146320,01301623,비씨엔씨,20220429
200780,00256043,비씨월드제약,20240701
413640,01462739,비아이매트릭스,20250102
141000,00610083,비아트론,20230221
090460,00447609,비에이치,20230620
083650,00409788,비에이치아이,20240808
445360,01689336,비엔케이제1호스팩,20230214
473370,01800285,비엔케이제2호스팩,20240305
065170,00384717,비엘팜텍,20241211
086670,00524786,비엠티,20230516
335890,01406618,비올,20240226
230980,01110076,비유테크놀러지,20240605
082920,00154718,비츠로셀,20221209
054220,00201432,비츠로시스,20250102
042370,00103644,비츠로테크,20250414
050090,00369569,비케이홀딩스,20250225
148780,00980043,비큐AI,20240524
307870,01326792,비투엔,20250124
377030,01409095,비트맥스,20250508
032850,00231707,비트컴퓨터,20240108
238200,01109070,비피도,20241212
093190,00478900,빅솔론,20230217
065450,00385363,빅텍,20240326
044480,00173449,빌리언스,20250226
005180,00124726,빙그레,20240701
069540,00367482,빛과전자,20240416
072950,00359261,빛샘전자,20221128
266170,00990396,뿌리깊은나무들,20231113
451250,01283974,삐아,20250228
143240,00857480,사람인,20250304
466410,01207901,사이냅소프트,20241119
003960,00109718,사조대림,20230221
008040,00137252,사조동아원,20250321
007160,00124799,사조산업,20250502
014710,00124780,사조씨푸드,20240321
006090,00141875,사조오양,20250331
452430,01676642,사피엔반도체,20240219
419120,01516368,산돌,20231220
062040,00366438,산일전기,20250507
122350,00799177,삼기,20250327
419050,01526806,삼기에너지솔루션즈,20250418
014970,00125488,삼륭물산,20220222
018310,00125646,삼목에스폼,20221209
012210,00125664,삼미금속,20240329
053700,00351092,삼보모터스,20230220
009620,00125822,삼보산업,20230403
023600,00125938,삼보판지,20211207
001470,00125974,삼부토건,20250114
028050,00126308,삼성E&A,20240416
448730,01688896,삼성FN리츠,20241031
006400,00126362,삼성SDI,20250320
006660,00126201,삼성공조,20230526
028260,00149655,삼성물산,20240318
207940,00877059,삼성바이오로직스,20240701
032830,00126256,삼성생명,20240322
439250,01675227,삼성스팩7호,20230208
448740,01700921,삼성스팩8호,20230302
468510,01786514,삼성스팩9호,20231204
018260,00126186,삼성에스디에스,20250320
009150,00126371,삼성전기,20230102
005930,00126380,삼성전자,20250326
001360,00126414,삼성제약,20240701
010140,00126478,삼성중공업,20240322
016360,00104856,삼성증권,20240322
068290,00423690,삼성출판사,20221205
029780,00126292,삼성카드,20250321
000810,00139214,삼성화재해상보험,20240321
006110,00126779,삼아알미늄,20240325
009300,00126788,삼아제약,20240701
145990,00896285,삼양사,20240701
003230,00126955,삼양식품,20240701
482630,00863533,삼양엔씨켐,20250203
036670,00265041,삼양케이씨아이,20250411
002170,00127042,삼양통상,20230220
272550,01060814,삼양패키징,20230323
000070,00126937,삼양홀딩스,20250331
003720,00127255,삼영,20230424
002810,00127167,삼영무역,20240531
361670,00405506,삼영에스앤씨,20220228
054540,00250614,삼영엠텍,20240620
065570,00288343,삼영이엔씨,20250212
005680,00127200,삼영전자공업,20221206
023000,00191588,삼원강재,20230323
004380,00127802,삼익THK,20250224
002450,00127857,삼익악기,20250401
032280,00127909,삼일,20230215
002290,00127936,삼일기업공사,20221208
004440,00109806,삼일씨엔에스,20250418
000520,00128032,삼일제약,20241002
009770,00128227,삼정펄프,20231130
037460,00128315,삼지전자,20230222
032750,00173351,삼진,20231213
054090,00239514,삼진엘앤디,20230412
005500,00128412,삼진제약,20250324
000250,00128546,삼천당제약,20240701
004690,00128555,삼천리,20230106
024950,00128607,삼천리자전거,20250324
038500,00239639,삼표시멘트,20240617
437730,00262266,삼현,20250331
017480,00128926,삼현철강,20230120
010960,00128980,삼호개발,20250326
046390,00301112,삼화네트웍스,20241017
004450,00129235,삼화왕관,20241128
009470,00129271,삼화전기,20230216
011230,00129280,삼화전자공업,20221103
001820,00129350,삼화콘덴서공업,20211117
000390,00129387,삼화페인트공업,20221201
027580,00129615,상보,20230216
038540,00306162,상상인,20230220
452670,01717170,상상인제4호스팩,20231228
001290,00112059,상상인증권,20241101
041650,00129642,상신브레이크,20241008
091580,00480783,상신이디피,20250401
263810,00760999,상신전자,20230526
089980,00181299,상아프론테크,20221230
042940,00232007,상지건설,20240829
042600,00147994,새로닉스,20231017
075180,00305668,새론오토모티브,20240401
107600,00862880,새빗켐,20250509
411080,01242241,샌즈랩,20231024
252990,01199727,샘씨엔에스,20240401
007540,00130091,샘표,20230221
248170,01167056,샘표식품,20240701
378800,01387164,샤페론,20240222
294630,00867973,서남,20220228
038070,00373447,서린바이오,20221209
006730,00130383,서부T&D,20221205
079650,00130408,서산,20241022
100660,00166528,서암기계공업,20221128
007860,00163114,서연,20240912
200880,01036446,서연이화,20211215
019770,00153278,서연탑메탈,20241216
017390,00130684,서울도시가스,20250325
043710,00305570,서울리거,20240219
092190,00488402,서울바이오시스,20250328
046890,00130763,서울반도체,20250328
031210,00112998,서울보증보험,20250314
004410,00130879,서울식품공업,20240701
063170,00410915,서울옥션,20221201
027040,00130587,서울전자통신,20250331
018680,00131018,서울제약,20240701
036120,00260745,서울평가정보,20250428
021050,00131197,서원,20250331
093920,00445799,서원인텍,20221220
189860,00869272,서전기전,20230329
178320,00838005,서진시스템,20240502
122690,00800145,서진오토모티브,20221110
140070,00599285,서플러스글로벌,20230223
011370,00131504,서한,20221213
065710,00220622,서호전기,20241126
008490,00131692,서흥,20221209
035890,00219848,서희건설,20230809
357550,00921916,석경에이티,20230214
003100,00131896,선광,20230223
007610,00131939,선도전기,20240401
067370,00407036,선바이오,20250415
217620,01068658,선샤인푸드,20250327
171090,00327819,선익시스템,20230215
136490,00855093,선진,20240701
086710,00132202,선진뷰티사이언스,20250220
014620,00132318,성광벤드,20211207
037350,00216498,성도이엔지,20230216
014910,00132628,성문전자,20221125
004980,00132804,성신양회,20230116
011300,00132868,성안머티리얼스,20250227
458650,00319272,성우,20241031
081580,00364306,성우전자,20221212
045300,00350482,성우테크론,20221208
015750,00132992,성우하이텍,20240402
365340,01274329,성일하이텍,20240926
000180,00133335,성창기업지주,20221229
080470,00486370,성창오토텍,20250331
043260,00317210,성호전자,20241127
148150,00913689,세경하이테크,20230703
002420,00133618,세기상사,20221201
188260,01305869,세니젠,20231103
053060,00133663,세동,20211202
340440,01416572,세림B&G,20240220
017510,00133751,세명전기,20240103
004360,00133812,세방,20230214
004490,00133858,세방전지,20250321
011560,00133876,세보엠이씨,20230222
267080,01575361,세븐브로이맥주,20241007
396300,00534701,세아메카닉스,20241213
001430,00106669,세아베스틸지주,20230330
306200,01325979,세아제강,20250515
003030,00124197,세아제강지주,20240327
019440,00133991,세아특수강,20240124
058650,00377610,세아홀딩스,20250325
013000,00134176,세우글로벌,20250103
100700,00362201,세운메디칼,20240701
024830,00173591,세원물산,20231129
091090,00585219,세원이앤씨,20250121
021820,00134316,세원정공,20220629
067830,00422895,세이브존I&C,20240327
258830,00959229,세종메디칼,20250205
036630,00268002,세종텔레콤,20250502
039310,00264671,세중,20240408
075580,00415628,세진중공업,20230216
067770,00406727,세진티에스,20230222
053450,00351630,세코닉스,20211202
222810,01091382,세토피아,20250121
252500,01169267,세화피앤씨,20230221
321370,01593668,센서뷰,20250502
347000,01023318,센코,20231030
331920,01114586,셀레믹스,20240701
352770,01201970,셀레스트라,20250402
471820,01448544,셀로맥스사이언스,20250225
049180,00310156,셀루메드,20241022
299660,01235296,셀리드,20220304
108860,00666064,셀바스AI,20230215
208370,01047451,셀바스헬스케어,20230215
318160,01288410,셀바이오휴먼텍,20240401
308430,01275489,셀비온,20241016
068270,00413046,셀트리온,20240718
068760,00541349,셀트리온제약,20240701
068940,00308896,셀피글로벌,20230403
007720,00104810,소노스퀘어,20250422
060230,00363510,소니드,20250320
290690,00605522,소룩스,20241226
950200,01442115,소마젠,20230403
032680,00204226,소프트센,20230502
258790,01182408,소프트캠프,20241021
066910,00306870,손오공,20240201
215090,01063884,솔디펜스,20250425
336370,01412822,솔루스첨단소재,20250328
248070,01159233,솔루엠,20250207
035610,00249982,솔본,20230223
357780,01489648,솔브레인,20250326
036830,00247975,솔브레인홀딩스,20250317
304100,01050738,솔트룩스,20240328
328380,01390399,솔트웨어,20250228
004430,00134963,송원산업,20230215
086980,00303794,쇼박스,20241125
017550,00135111,수산세보틱스,20250423
050960,00577016,수산아이앤티,20241129
126720,00193328,수산인더스트리,20250401
084180,00243979,수성웹툰,20240603
253840,01063954,수젠텍,20240701
185190,00830447,수프로,20220513
298830,01012640,슈어소프트테크,20230428
236200,01124653,슈프리마,20230215
094840,00599957,슈프리마에이치큐,20221206
192440,00917861,슈피겐코리아,20241219
424960,01555215,스마트레이더시스템,20250224
099440,00580056,스맥,20230428
276040,01290248,스코넥,20250331
204210,01035289,스타에스엠리츠,20240625
060240,00373571,스타코링크,20250502
115570,00405959,스타플렉스,20250204
330730,01305249,스톤브릿지벤처스,20230509
352090,01226270,스톰테크,20241008
253450,01168684,스튜디오드래곤,20240830
408900,01139965,스튜디오미르,20230222
204630,01046203,스튜디오산타클로스,20230221
415380,01540815,스튜디오삼익,20240206
026890,00117498,스틱인베스트먼트,20241218
013810,00136165,스페코,20250327
347700,01336762,스피어,20250428
049830,00135467,승일,20221212
020710,00170026,시공테크,20230404
033170,00158219,시그네틱스,20250331
048870,00475985,시너지이노베이션,20240401
025320,00203023,시노펙스,20230221
134790,00852087,시디즈,20250331
340810,01315042,시선AI,20250430
269620,01188378,시스웍,20240312
000480,00148984,시알홀딩스,20240930
056090,00346610,시지메드텍,20250331
429270,01284751,시지트로닉스,20240927
418250,01579570,시큐레터,20250331
131090,00402110,시큐브,20250226
462870,01384787,시프트업,20250203
016590,00135777,신대양제지,20220627
290520,00961570,신도기연,20230220
029530,00135795,신도리코,20250106
004970,00135962,신라교역,20231114
001000,00135999,신라섬유,20240502
025870,00136004,신라에스지,20240423
215600,00919966,신라젠,20250415
065350,00136226,신성델타테크,20241023
416180,00761183,신성에스티,20250326
011930,00136271,신성이엔지,20240222
005390,00136341,신성통상,20220614
004170,00136378,신세계,20240322
035510,00219486,신세계I&C,20250414
031430,00234412,신세계인터내셔날,20250321
031440,00274933,신세계푸드,20250326
006880,00136402,신송홀딩스,20230222
162300,00958664,신스틸,20240522
290560,01130849,신시웨이,20240327
002800,00136448,신신제약,20240701
472220,01796858,신영스팩10호,20250321
430220,01656374,신영스팩8호,20230217
445970,01689938,신영스팩9호,20230217
005800,00136624,신영와코루,20230223
001720,00136721,신영증권,20220304
009270,00136864,신원,20230221
017000,00136925,신원종합개발,20230215
002700,00173698,신일전자,20240904
012790,00137058,신일제약,20240701
138070,00577380,신진에스엠,20241210
226330,01344336,신테카바이오,20230220
002870,00137368,신풍,20241008
019170,00137359,신풍제약,20240701
481850,01714997,신한글로벌액티브리츠,20241127
404990,01436558,신한서부티엔디리츠,20240408
293940,01276594,신한알파리츠,20240408
452980,01719105,신한제11호스팩,20240710
474660,01809569,신한제12호스팩,20240710
474930,01807747,신한제13호스팩,20240710
487360,01853214,신한제14호스팩,20241223
487830,01854408,신한제15호스팩,20241115
055550,00382199,신한지주,20230324
056700,00228350,신화인터텍,20230331
187270,00925189,신화콘텍,20221202
004080,00173795,신흥,20241223
243840,00807379,신흥에스이씨,20230221
257720,00982023,실리콘투,20230222
222800,01095722,심텍,20240401
036710,00152127,심텍홀딩스,20250502
444530,01590980,심플랫폼,20250321
160980,00659161,싸이맥스,20250321
356890,01293953,싸이버원,20240223
217330,01046391,싸이토젠,20250417
102280,00681142,쌍방울,20250228
004770,00138057,써니전자,20240222
217320,00963000,썬테크,20220307
208640,01049422,썸에이지,20221202
222420,01091054,쎄노텍,20240327
037760,00239596,쎄니트,20230217
081180,00406222,쎄크,20250428
099320,00449254,쎄트렉아이,20240701
049960,00357430,쎌바이오텍,20221129
088280,00561723,쏘닉스,20231107
403550,01026157,쏘카,20240401
050890,00364403,쏠리드,20231108
394800,01506617,쓰리빌리언,20250502
177900,00870065,쓰리에이로직스,20250217
475400,01588189,씨메스,20241024
109670,00492706,씨싸이트,20231221
066790,00249441,씨씨에스,20250422
222080,01090471,씨아이에스,20241129
004920,00127158,씨아이테크,20240503
236030,01085187,씨알푸드,20240701
103660,00762377,씨앗,20240823
352480,01226410,씨앤씨인터내셔널,20240723
245450,01116380,씨앤에스링크,20230213
264660,00605328,씨앤지하이테크,20240226
352700,00875237,씨앤투스,20250502
458870,01514227,씨어스테크놀로지,20240619
297090,00765462,씨에스베어링,20241028
112610,00670340,씨에스윈드,20241028
900120,00800084,씨엑스아이,20231124
359090,01487446,씨엔알리서치,20230222
115530,00660033,씨엔플러스,20221110
115480,00681249,씨유메디칼,20241202
376290,00575106,씨유테크,20230215
189330,00991298,씨이랩,20250327
096530,00788773,씨젠,20240325
480370,01210677,씨케이솔루션,20250331
101240,00520610,씨큐브,20230823
060590,00362292,씨티씨바이오,20250317
308170,00450010,씨티알모빌리티,20250328
260930,01144028,씨티케이,20230818
413630,01601222,씨피시스템,20240809
013990,00138446,아가방컴퍼니,20221212
123860,00761952,아나패스,20221207
025980,00161781,아난티,20230222
008700,00138516,아남전자,20240325
125210,00611912,아모그린텍,20240228
090430,00583424,아모레퍼시픽,20240102
002790,00154462,아모레퍼시픽홀딩스,20250425
357580,01012987,아모센스,20250212
052710,00298447,아모텍,20241206
074430,00466428,아미노로직스,20240502
092040,00545734,아미코젠,20240701
083930,00442145,아바코,20220225
149950,00442048,아바텍,20220225
036010,00138598,아비코전자,20221202
002030,00138701,아세아,20221209
183190,00990165,아세아시멘트,20221209
002310,00138729,아세아제지,20221221
050860,00138747,아세아텍,20231128
012170,00145437,아센디오,20231113
136410,00922304,아셈스,20230223
246720,01157235,아스타,20250430
450950,01590528,아스테라시스,20250124
067390,00409681,아스트,20240813
159010,00561732,아스플로,20220603
127710,00665676,아시아경제,20250401
267850,00458234,아시아나IDT,20240401
020560,00138792,아시아나항공,20250117
154030,00867478,아시아종묘,20231130
227610,01080687,아우딘퓨쳐스,20230703
143160,00883980,아이디스,20221129
054800,00359580,아이디스홀딩스,20230223
332370,01213586,아이디피,20220225
122900,00360142,아이마켓코리아,20250514
339950,01414422,아이비김영,20230912
469750,01516766,아이비젼웍스,20250221
460470,01678312,아이빔테크놀로지,20240806
099190,00550994,아이센스,20230223
461300,00657224,아이스크림미디어,20250328
289010,00983934,아이스크림에듀,20250331
214430,00612489,아이쓰리시스템,20230223
040910,00298377,아이씨디,20230220
368600,01302853,아이씨에이치,20240502
456010,01373709,아이씨티케이,20250225
052860,00365758,아이앤씨,20221226
464500,01706794,아이언디바이스,20250210
010780,00115977,아이에스동서,20250328
212710,01208751,아이에스티이,20250212
038880,00252269,아이에이,20250331
003560,00154426,아이에이치큐,20231024
307180,01326279,아이엘,20250428
101390,00609634,아이엠,20250226
461030,01497373,아이엠비디엑스,20250508
456570,01579020,아이엠지티,20250401
451220,01546101,아이엠티,20231204
447690,01680131,아이오바이오,20230227
090150,00365624,아이윈,20221130
123010,00615723,아이윈플러스,20250331
031310,00200910,아이즈비전,20250327
462980,01728167,아이지넷,20250218
185490,00945457,아이진,20240408
059100,00407285,아이컴포넌트,20221202
149010,00861100,아이케이세미콘,20220826
262840,01146822,아이퀘스트,20230217
175250,00554352,아이큐어,20241226
052460,00405719,아이크래프트,20230328
119830,00626011,아이텍,20221207
052770,00346911,아이톡시,20250502
124500,00620868,아이티센글로벌,20250428
031820,00186559,아이티센씨티에스,20250430
010280,00138303,아이티센엔텍,20250515
243870,00565215,아이티센코어,20250123
232830,01113499,아이티센피엔에스,20250509
372800,01429840,아이티아이즈,20220221
084850,00579980,아이티엠반도체,20230220
114840,00692254,아이패밀리에스씨,20240223
027360,00156895,아주IB투자,20230223
139990,00486705,아주스틸,20250109
032080,00201131,아즈텍WB,20221202
013310,00139083,아진산업,20221202
059120,00404288,아진엑스텍,20221212
009320,00111689,아진전자부품,20241022
203690,01036367,아크솔루션스,20250429
158430,00595182,아톤,20230403
200350,00990819,아티스트스튜디오,20250515
321820,01116502,아티스트컴퍼니,20250425
149300,00578130,아퓨어스,20230502
102950,00677334,아하,20240626
001540,00139205,안국약품,20250103
053800,00298270,안랩,20230206
251280,01115044,안지오랩,20221202
065660,00631837,안트로젠,20220317
297570,01309795,알로이스,20250401
001780,00117027,알루코,20240923
260660,00447007,알리코제약,20240701
354320,00229030,알멕,20230630
361570,01303029,알비더블유,20220425
131370,00838962,알서포트,20240524
140670,00858124,알에스오토메이션,20230216
096610,00516246,알에프세미,20240910
061040,00309831,알에프텍,20230223
148250,00915508,알엔투테크놀로지,20250401
347860,01405451,알체라,20250115
196170,00989619,알테오젠,20230222
123750,00821607,알톤,20250408
085810,00364254,알티캐스트,20250326
043100,00220109,알파녹스,20240826
117670,00605124,알파칩스,20250417
314140,01182259,알피바이오,20240701
291650,01265251,압타머사이언스,20220228
293780,01251595,압타바이오,20240220
018250,00139454,애경산업,20231204
161000,00936787,애경케미칼,20240517
390110,01507810,애니메디솔루션,20240329
310200,01335578,애니플러스,20230516
179530,01022902,애드바이오텍,20220223
900100,00781202,애머릿지,20250311
052790,00348034,액토즈소프트,20221207
290740,01141942,액트로,20220225
238090,00942131,앤디포스,20250331
092600,00537337,앤씨앤,20240304
129890,01207716,앱코,20230327
174900,00991191,앱클론,20220407
270520,01228515,앱트뉴로사이언스,20250206
255440,00875307,야스,20241125
030960,00139685,양지사,20220613
102120,00591441,어보브반도체,20230626
238120,01073678,얼라인드,20230220
224810,00607797,엄지하우스,20230404
019990,00169215,에너토크,20240401
011090,00139764,에넥스,20221130
435570,01253636,에르코스,20250304
270660,01201590,에브리봇,20250327
038680,00264635,에스넷,20241217
137310,00854997,에스디바이오센서,20250327
217480,01099667,에스디생명공학,20240119
121890,00604815,에스디시스템,20221201
304360,01258020,에스바이오메딕스,20241203
389500,00567897,에스비비테크,20240603
042110,00171867,에스씨디,20221202
298060,01110474,에스씨엠생명과학,20241010
065420,00120906,에스아이리소스,20230705
270210,01187458,에스알바이오텍,20220401
103230,00137012,에스앤더블류,20221205
260970,00560849,에스앤디,20240701
101490,00411048,에스앤에스텍,20230217
095910,00585538,에스에너지,20250401
275630,01250374,에스에스알,20241219
031330,00128661,에스에이엠티,20230215
060540,00379229,에스에이티,20230223
056190,00358271,에스에프에이,20240820
005850,00125521,에스엘,20250327
246250,01112700,에스엘에스바이오,20231020
041510,00260930,에스엠,20240328
010580,00147860,에스엠벡셀,20231211
460870,01142260,에스엠씨지,20250307
007820,00137915,에스엠코어,20250327
464080,01686427,에스오에스랩,20240625
109610,00535481,에스와이,20250331
365330,01135084,에스와이스틸텍,20231113
012750,00158501,에스원,20240322
019590,00136642,에스유앤피,20250415
306040,01222432,에스제이그룹,20230209
123700,00815369,에스제이엠,20230223
025530,00181943,에스제이엠홀딩스,20240221
217910,01139497,에스제이켐,20220228
398120,01179866,에스지헬스케어,20250106
326030,00878696,에스케이바이오팜,20230329
475660,01383779,에스켐,20250424
096630,00573269,에스코넥,20250331
069510,00306719,에스텍,20230203
234300,01014055,에스트래픽,20240905
039440,00298340,에스티아이,20230216
098660,00612188,에스티오,20221129
052020,00273110,에스티큐브,20221205
237690,00871833,에스티팜,20240625
050760,00340272,에스폴리텍,20221116
288620,01257872,에스퓨얼셀,20241127
443670,01381391,에스피소프트,20250502
317830,00624749,에스피시스템스,20230328
058610,00220686,에스피지,20221202
043340,00203209,에쎈테크,20230220
023960,00121969,에쓰씨엔지니어링,20250122
163280,01663116,에어레인,20241108
298690,00651901,에어부산,20250117
054630,00356927,에이디칩스,20231030
200710,00657002,에이디테크놀로지,20250402
475580,01641600,에이럭스,20241101
096690,00608839,에이루트,20221201
140910,00860730,에이리츠,20220222
078520,00400857,에이블씨엔씨,20230714
298380,01256864,에이비엘바이오,20250430
203400,00977377,에이비온,20220223
195990,00620558,에이비프로바이오,20241125
003800,00140052,에이스침대,20230215
088800,00556907,에이스테크,20250401
241840,00975290,에이스토리,20221006
364950,01307593,에이아이코리아,20250429
453860,01538528,에이에스텍,20240401
312610,01223219,에이에프더블류,20230330
015260,00143314,에이엔피,20221209
172670,00493325,에이엘티,20241217
495900,01872893,에이엠시지,20241213
234070,00614089,에이원알폼,20221206
481070,01803927,에이유브랜즈,20250403
445090,01540453,에이직랜드,20240627
295310,01011368,에이치브이엠,20240628
072990,00527464,에이치시티,20230222
044990,00311216,에이치엔에스하이텍,20241025
239610,01011438,에이치엘사이언스,20241230
036170,00232821,에이치엠넥스,20250410
462020,01767494,에이치엠씨제6호스팩,20231013
477340,01813377,에이치엠씨제7호스팩,20250321
148930,00885906,에이치와이티씨,20230904
376270,01480708,에이치이엠파마,20250401
044780,00235183,에이치케이,20221205
357230,01068737,에이치피오,20240701
355690,01444380,에이텀,20250331
071670,00384887,에이테크솔루션,20240701
045660,00256502,에이텍,20250102
224110,01099861,에이텍모빌리티,20230623
021080,00161462,에이티넘인베스트,20230110
200470,00667425,에이팩트,20240502
207490,00832700,에이펙스인텍,20230222
262260,00604268,에이프로,20240528
007460,00152385,에이프로젠,20250224
003060,00101044,에이프로젠바이오로직스,20250514
397030,01375822,에이프릴바이오,20250430
244920,00684802,에이플러스에셋,20240329
278470,01190568,에이피알,20240924
230240,01108442,에치에프알,20230215
159910,00896753,에코글로우,20250520
230360,01029394,에코마케팅,20250519
038870,00287812,에코바이오,20231207
097780,00562360,에코볼트,20230822
448280,01218299,에코아이,20231121
101360,00619640,에코앤드림,20230223
128540,00870481,에코캡,20240401
086520,00536541,에코프로,20241227
450080,01311408,에코프로머티,20250220
247540,01160363,에코프로비엠,20241218
383310,01566248,에코프로에이치엔,20230223
038110,00139153,에코플라스틱,20240329
073540,00442561,에프알텍,20230925
064850,00331016,에프앤가이드,20250326
036810,00223434,에프에스티,20221213
173940,00925295,에프엔씨엔터,20221205
083500,00476036,에프엔에스테크,20230216
446440,01281541,에피바이오텍,20241002
054940,00360577,엑사이엔씨,20230103
950130,00956028,엑세스바이오,20240701
373110,01492217,엑셀세라퓨틱스,20240715
205100,01042085,엑셈,20230912
356680,01372782,엑스게이트,20240827
070300,00683007,엑스큐어,20250217
317770,01231786,엑스페릭스,20230717
373200,01514698,엑스플러스,20250423
069920,00426068,엑시온그룹,20250307
092870,00611736,엑시콘,20240327
019490,00156150,엑시큐어하이트론,20250124
317870,00964595,엔바이오니아,20220331
067570,00146436,엔브이에이치코리아,20230503
236810,01051065,엔비티,20230221
140610,01018802,엔솔바이오사이언스,20221201
333620,01310773,엔시스,20250102
101400,00641393,엔시트론,20221202
036570,00261443,엔씨소프트,20240329
238170,01011872,엔에스엠,20240321
078860,00543204,엔에스이엔엠,20250328
224760,00929228,엔에스컴퍼니,20241226
438580,01674468,엔에이치스팩25호,20230215
439410,01675254,엔에이치스팩26호,20230215
440820,01677429,엔에이치스팩27호,20230215
451700,01712616,엔에이치스팩29호,20230623
466910,01785056,엔에이치스팩30호,20231201
481890,01834194,엔에이치스팩31호,20240726
181710,00983271,엔에이치엔,20221212
265740,01217829,엔에프씨,20250326
354200,01397903,엔젠바이오,20241226
455900,01592049,엔젤로보틱스,20250324
419080,01587056,엔젯,20230209
093510,00521433,엔지브이아이,20240117
208860,01084364,엔지스테크널러지,20240523
183490,00606886,엔지켐생명과학,20220518
085310,00172228,엔케이,20250421
182400,00977650,엔케이맥스,20240701
348370,01011526,엔켐,20250417
069410,00415707,엔텔스,20240322
227950,01105621,엔투텍,20250401
291230,01276901,엔피,20240502
198080,00876643,엔피디,20230213
004250,00108038,엔피씨,20250401
048830,00108490,엔피케이,20240328
096870,00540571,엘디티,20221201
276240,01119651,엘리비젼,20221125
900140,00838500,엘브이엠씨,20250331
290650,01181515,엘앤씨바이오,20250305
066970,00398701,엘앤에프,20240129
156100,00918222,엘앤케이바이오,20240812
010120,00105855,엘에스일렉트릭,20250326
311060,01264234,엘에이티,20221128
073110,00494218,엘엠에스,20230411
083310,00484682,엘오티베큠,20221209
037950,00242712,엘컴텍,20221206
489500,01747977,엘케이켐,20250225
170920,00866062,엘티씨,20221125
058630,00397058,엠게임,20221128
226590,01022142,엠디바이스,20250307
058970,00396925,엠로,20220228
169330,00877174,엠브레인,20240614
097520,00564562,엠씨넥스,20230227
373170,01497142,엠아이큐브솔루션,20230804
179290,00531829,엠아이텍,20240328
484870,01519790,엠앤씨솔루션,20250220
009780,00121154,엠에스씨,20250331
123040,00259545,엠에스오토텍,20250110
432980,01217795,엠에프씨,20250331
323230,01384477,엠에프엠코리아,20240830
413390,01563922,엠오티,20241118
032790,00110884,엠젠솔루션,20240603
033160,00121686,엠케이전자,20231116
347890,00670766,엠투아이,20230713
033310,00143226,엠투엔,20250502
259630,00833064,엠플러스,20240226
105550,00766106,엣지파운드리,20240620
060850,00532129,영림원소프트랩,20220225
014440,00140779,영보화학,20240123
143540,00569646,영우디에스피,20230220
111770,00776820,영원무역,20230223
009970,00140964,영원무역홀딩스,20230223
003520,00141149,영진약품,20240701
000670,00141307,영풍,20250331
006740,00141404,영풍제지,20241114
012280,00141413,영화금속,20221205
265560,00659976,영화테크,20230216
012160,00141477,영흥,20250103
036000,00259934,예림당,20240411
250930,01166109,예선테크,20230221
053280,00362858,예스24,20230329
122640,00530556,예스티,20221205
476040,01626391,오가노이드사이언스,20250509
900300,01169434,오가닉티코스메틱,20210707
212310,01085442,오건에코텍,20250425
045060,00220969,오공,20250326
192410,00623184,오늘이엔엠,20250221
080520,00529815,오디텍,20221208
007310,00141529,오뚜기,20250411
039830,00141556,오로라,20230328
322310,01016479,오로스테크놀로지,20230413
046120,00297989,오르비텍,20240329
475830,01658831,오름테라퓨틱,20250221
014940,00141608,오리엔탈정공,20230222
002630,00141626,오리엔트바이오,20230524
065500,00300405,오리엔트정공,20241211
271560,01238169,오리온,20240701
001800,00117577,오리온홀딩스,20230216
010470,00141671,오리콤,20240329
417860,01472930,오브젠,20250331
352910,00494546,오비고,20220228
053980,00226547,오상자이엘,20250227
036220,00260657,오상헬스케어,20250502
052420,00350048,오성첨단소재,20240523
332190,01860010,오션스바이오,20250402
052300,00349811,오션인더블유,20250103
039200,00263654,오스코텍,20250415
226400,01082348,오스테오닉,20250306
031510,00175173,오스템,20240325
368970,01491607,오에스피,20240701
138080,00571483,오이솔루션,20221107
080580,00543107,오킨스전자,20230223
067170,00397289,오텍,20250328
353590,01084294,오토앤,20220225
173130,00867849,오파스넷,20230221
440320,01585155,오픈놀,20231206
049480,00335076,오픈베이스,20230105
394280,01571107,오픈엣지테크놀로지,20230222
309930,01335453,오하임앤컴퍼니,20250507
476060,01632912,온코닉테라퓨틱스,20241219
382150,01423916,온코크로스,20250331
005320,00168331,온타이드,20250411
244460,01070149,올리패스,20250523
226950,01113718,올릭스,20241010
057540,00265005,옴니시스템,20221207
131030,00831428,옵투스제약,20250326
082210,00327396,옵트론텍,20250401
109080,00660291,옵티시스,20221208
380540,01506990,옵티코어,20250401
153710,00971726,옵티팜,20240701
432430,01406265,와이랩,20241223
338840,01226234,와이바이오로직스,20231205
122990,00759294,와이솔,20230216
232140,01109539,와이씨,20250331
112290,00619507,와이씨켐,20230417
065530,00250137,와이어블,20240401
067900,00190756,와이엔텍,20240920
007530,00140858,와이엠,20230426
155650,00870861,와이엠씨,20230215
273640,01215618,와이엠텍,20250401
251370,00602172,와이엠티,20240103
066430,00370200,와이오엠,20250401
209640,01023211,와이제이링크,20241018
096250,00351427,와이즈넛,20250205
273060,01236532,와이즈버즈,20250321
019210,00139719,와이지-원,20221129
122870,00613318,와이지엔터테인먼트,20240401
011690,00144720,와이투솔루션,20250319
079000,00455875,와토스코리아,20230328
403490,01299106,우듬지팜,20240829
316140,01350869,우리금융지주,20230327
032820,00231044,우리기술,20220228
041190,00231664,우리기술투자,20221228
115440,00664048,우리넷,20240201
046970,00296005,우리로,20221206
082850,00369107,우리바이오,20241113
215360,01077577,우리산업,20221206
072470,00359623,우리산업홀딩스,20221206
073560,00413417,우리손에프앤지,20230403
037400,00155692,우리엔터프라이즈,20230103
153490,00815095,우리이앤엘,20250103
101170,00567222,우림피티에스,20241202
006980,00142661,우성,20240701
066590,00301422,우수AMS,20221220
017370,00142883,우신시스템,20221202
103840,00486875,우양,20250401
101970,00450931,우양에이치씨,20250328
046940,00363246,우원개발,20221206
215380,01065013,우정바이오,20250522
065680,00390903,우주일렉트로,20241126
105840,00173944,우진,20211210
018620,00103547,우진비앤지,20230331
010400,00143262,우진아이엔에스,20230210
457550,01030503,우진엔텍,20240124
049800,00303217,우진플라임,20211227
016880,00143651,웅진,20230327
095720,00628189,웅진씽크빅,20250331
396470,00866451,워트,20250328
005820,00143794,원림,20220225
307280,01326224,원바이오젠,20230220
032940,00210980,원익,20221206
240810,01135941,원익IPS,20240219
074600,00468374,원익QnC,20240307
104830,00623661,원익머트리얼즈,20230109
014190,00128175,원익큐브,20230223
217820,01020843,원익피앤이,20241220
030530,00216647,원익홀딩스,20240502
012620,00143907,원일특강,20250326
136150,00488244,원일티엔아이,20250509
382840,01459212,원준,20220225
336570,01407909,원텍,20220819
376980,01441611,원티드랩,20230221
122830,00337296,원포유,20240523
008370,00144012,원풍,20230331
008290,00144021,원풍물산,20250226
101160,00580065,월덱스,20250327
336060,01408999,웨이버스,20241018
095270,00526696,웨이브일렉트로,20221223
289930,01270749,웨이비스,20241025
010600,00141273,웰바이오텍,20240402
065950,00362159,웰크론,20221011
076080,00487546,웰크론한텍,20250326
043590,00260611,웰킵스하이텍,20240102
196700,00864338,웹스,20221213
069080,00405320,웹젠,20221206
053580,00323868,웹케시,20250225
479960,01137860,위너스,20250224
071460,00300557,위니아,20230403
377460,01175499,위니아에이드,20250502
044340,00293886,위닉스,20250523
330350,00765851,위더스제약,20240701
348350,00925587,위드텍,20230223
112040,00444329,위메이드,20250516
101730,00643656,위메이드맥스,20241113
123420,00815767,위메이드플레이,20250325
065370,00374738,위세아이텍,20240619
140660,00663289,위월드,20220225
038620,00264228,위즈코프,20221208
299900,01276327,위지윅스튜디오,20240701
036090,00258360,위지트,20230215
459100,01445440,위츠,20241120
136540,00868705,윈스테크넷,20250416
097800,00536286,윈팩,20240722
192390,00910840,윈하이텍,20230330
008600,00104999,윌비스,20221201
335870,01405585,윙스풋,20250324
900340,01328639,윙입푸드,20230425
033270,00158963,유나이티드,20240701
014830,00159786,유니드,20230317
446070,01702017,유니드비티플러스,20230703
036200,00260569,유니셈,20240227
018000,00144243,유니슨,20250221
000910,00144252,유니온,20211125
047400,00369833,유니온머티리얼,20230223
203450,00408266,유니온바이오메트릭스,20250425
011330,00137207,유니켐,20250422
077500,00414601,유니퀘스트,20221212
011320,00147152,유니크,20220224
086390,00540447,유니테스트,20250331
241690,00531865,유니테크노,20230503
142210,00879020,유니트론텍,20230220
121060,00445869,유니포인트,20240701
389680,01498576,유디엠텍,20241120
088340,00407294,유라클,20250407
048430,00201742,유라테크,20221107
206650,00927558,유바이오로직스,20250401
089850,00592653,유비벨록스,20240418
495810,01867749,유비씨,20241223
084440,00531078,유비온,20221128
032620,00220057,유비케어,20250326
264450,01203376,유비쿼스,20231004
078070,00411385,유비쿼스홀딩스,20221208
002920,00174004,유성기업,20230215
024800,00173999,유성티엔에스,20240207
000700,00163691,유수홀딩스,20211213
054930,00144650,유신,20241202
069330,00400121,유아이디,20250225
049520,00256380,유아이엘,20221208
444920,01688346,유안타제11호스팩,20240412
446150,01690235,유안타제12호스팩,20240412
449020,01701753,유안타제13호스팩,20240412
450940,01706819,유안타제14호스팩,20240412
473050,01798980,유안타제15호스팩,20240411
474490,01804476,유안타제16호스팩,20240502
493790,01872219,유안타제17호스팩,20250123
003470,00117601,유안타증권,20240401
263770,01196313,유에스티,20221212
337840,01396931,유엑스엔,20221108
072130,00416654,유엔젤,20230130
000220,00144818,유유제약,20240701
388720,01152586,유일로보틱스,20240816
340930,01368637,유일에너테크,20230728
023410,00184667,유진기업,20250327
056080,00234227,유진로봇,20221207
468760,01787072,유진스팩10호,20240229
488060,01854392,유진스팩11호,20241031
442130,01678835,유진스팩9호,20230221
001200,00131054,유진증권,20230110
084370,00531014,유진테크,20221216
240600,01085026,유진테크놀로지,20250409
221800,01026616,유투바이오,20231102
179900,00961774,유티아이,20230223
263050,01110678,유틸렉스,20240701
000100,00145109,유한양행,20230208
003460,00145190,유화증권,20250327
191410,00843900,육일씨엔에쓰,20221208
372170,00925374,윤성에프앤씨,20241122
146060,00495633,율촌,20230908
008730,00145260,율촌화학,20220221
072770,00583026,율호,20250409
008250,00145446,이건산업,20240426
039020,00184889,이건홀딩스,20241017
025820,00145464,이구산업,20230221
067920,00364847,이글루,20221129
044960,00145473,이글벳,20221130
303530,01264872,이노뎁,20240223
296640,01341630,이노룰스,20250515
302430,01258710,이노메트리,20230220
279060,01353848,이노벡스,20250102
214320,00565154,이노션,20230102
462350,01700587,이노스페이스,20240702
274400,00965318,이노시뮬레이션,20230706
073490,00462121,이노와이어리스,20221130
215790,01065679,이노인스트루먼트,20230727
344860,01419135,이노진,20230220
088390,00494476,이녹스,20250331
272290,01237540,이녹스첨단소재,20250331
053350,00353610,이니텍,20240119
452400,00338170,이닉스,20240329
264850,01199189,이랜시스,20230222
054210,00206659,이랜텍,20250326
009730,00116426,이렘,20250103
065440,00390514,이루온,20230223
088260,00544452,이리츠코크렙,20230328
139480,00872984,이마트,20240329
424870,01203659,이뮨온시아,20250519
115610,00694942,이미지스,20221128
478110,01815764,이베스트스팩6호,20240712
131400,00533924,이브이첨단소재,20221128
208850,01116344,이비테크,20230331
351330,01135640,이삭엔지니어링,20220810
080010,00454399,이상네트웍스,20231006
379390,01365384,이성씨엔아이,20231229
457190,01762569,이수스페셜티케미컬,20230704
086890,00526872,이수앱지스,20250324
007660,00107613,이수페타시스,20230403
005950,00145552,이수화학,20230525
015020,00134565,이스타코,20230403
047560,00273420,이스트소프트,20240320
900110,00799070,이스트아시아홀딩스,20210607
239340,01128622,이스트에이드,20240513
067010,00400060,이씨에스,20230223
093230,00480950,이아이디,20231031
341310,01337017,이앤에치,20241205
456070,01544468,이엔셀,20250220
102710,00530185,이엔에프테크놀로지,20220401
074610,00469799,이엔플러스,20241202
041520,00137289,이엘씨,20250522
063760,00374020,이엘피,20230222
123570,00616290,이엠넷,20221130
083470,00475718,이엠앤아이,20250402
095190,00526951,이엠코리아,20250319
091120,00541163,이엠텍,20250327
232530,00925967,이엠티,20230208
102460,00145598,이연제약,20230802
039030,00246417,이오테크닉스,20230220
294090,01274310,이오플로우,20250121
088290,00409140,이원컴포텍,20240628
084680,00540605,이월드,20250324
353810,01480568,이지바이오,20240701
350520,01436628,이지스레지던스리츠,20240401
334890,01394377,이지스밸류플러스리츠,20221013
099750,00490090,이지케어텍,20241115
377330,01140837,이지트로닉스,20250522
035810,00242378,이지홀딩스,20240701
092130,00634728,이크레더블,20230330
096040,00480756,이트론,20240816
134060,00788737,이퓨쳐,20230227
001840,00145668,이화공영,20221207
000760,00145686,이화산업,20221110
024810,00145738,이화전기,20250502
014990,00106881,인디에프,20250516
041830,00269922,인바디,20241203
352940,00367871,인바이오,20221201
101140,00652423,인바이오젠,20240411
216400,00537221,인바이츠바이오코아,20250327
079950,00409371,인베니아,20231117
389470,01516456,인벤티지랩,20240502
277410,01243161,인산가,20240701
060150,00375931,인선이엔티,20250401
033230,00229021,인성정보,20250214
450520,01222113,인스웨이브,20250424
006490,00122825,인스코비,20240905
465480,01284876,인스피언,20241018
037330,00265421,인지디스플레,20241004
100030,00641171,인지소프트,20221213
023800,00103510,인지컨트롤스,20240502
034590,00145862,인천도시가스,20240530
211050,01013694,인카금융서비스,20250102
083640,00475976,인콘,20240801
064090,00390408,인크레더블버즈,20241017
216050,00819073,인크로스,20230809
049070,00226866,인탑스,20221201
311960,01290132,인터로이드,20250512
119610,00604426,인터로조,20230222
017250,00145914,인터엠,20220908
129260,00151368,인터지스,20221128
051370,00369170,인터플렉스,20221205
064290,00479787,인텍플러스,20240227
189300,00664181,인텔리안테크,20220225
287840,01374443,인투셀,20250523
150840,00661157,인트로메딕,20250515
048530,00292434,인트론바이오,20240701
023810,00180795,인팩,20230427
115310,00491415,인포바인,20230221
039290,00243757,인포뱅크,20230216
071200,00435969,인피니트헬스케어,20241219
101930,00482426,인화정공,20211203
249420,01168383,일동제약,20240701
000230,00146083,일동홀딩스,20240701
013360,00146232,일성건설,20250327
003120,00146214,일성아이에스,20250429
333430,01396676,일승,20230330
068330,00385415,일신바이오,20250430
003200,00146269,일신방직,20221202
007110,00146296,일신석재,20240401
007570,00146454,일양약품,20240724
178780,00923826,일월지엠엘,20250304
008500,00146542,일정실업,20250513
019540,00146560,일지테크,20221205
081000,00508274,일진다이아,20240322
020760,00198697,일진디스플,20250228
103590,00683469,일진전기,20241231
094820,00485177,일진파워,20230214
271940,00972503,일진하이솔루스,20230324
015860,00146649,일진홀딩스,20220222
226320,00911955,잇츠한불,20250520
950140,01165739,잉글우드랩,20230405
049550,00261656,잉크테크,20231204
389020,01365038,자람테크놀로지,20230307
254120,01174038,자비스,20230217
043910,00418379,자연과환경,20230502
234920,01020524,자이글,20240904
289220,01264438,자이언트스텝,20220929
317400,00367844,자이에스앤디,20250326
033240,00146861,자화전자,20250225
174880,00659684,장원테크,20250401
049630,00147082,재영솔루텍,20230214
417840,01383229,저스템,20230803
000950,00147222,전방,20221207
079900,00372129,전진건설로봇,20240819
110020,00632793,전진바이오팜,20220503
208140,01047415,정다운,20230518
040420,00287788,정상제이엘에스,20221202
045510,00147772,정원엔시스,20230502
217190,00666204,제너셈,20250401
095700,00545929,제넥신,20250327
072520,00408956,제넨바이오,20250502
122310,00799539,제노레이,20250401
361390,01014718,제노코,20230220
066830,00393618,제노텍,20220224
225220,01062177,제놀루션,20240226
123330,00624998,제닉,20221201
381620,01293485,제닉스,20241125
159580,00563837,제로투세븐,20250515
147830,00899556,제룡산업,20240709
033100,00185356,제룡전기,20221212
079370,00442570,제우스,20250401
054950,00361381,제이브이엠,20230327
023440,00148531,제이스코홀딩스,20240208
090470,00493185,제이스텍,20230220
137950,00664853,제이씨케미칼,20240325
033320,00223513,제이씨현시스템,20250321
417500,01367586,제이아이테크,20230227
348950,01415892,제이알글로벌리츠,20220818
204270,00447575,제이앤티씨,20250401
127120,00642541,제이에스링크,20250410
194370,00332927,제이에스코퍼레이션,20230220
026040,00120289,제이에스티나,20230320
452160,01309421,제이엔비,20240221
126880,00442154,제이엔케이글로벌,20250224
322510,01153293,제이엘케이,20230216
254160,01366824,제이엠멀티,20220503
033050,00222435,제이엠아이,20240502
094970,00533508,제이엠티,20221206
418550,00411808,제이오,20231228
025620,00136776,제이준코스메틱,20250324
420570,01553129,제이투케이바이오,20240325
089790,00365457,제이티,20240402
030000,00148276,제일기획,20230206
052670,00185505,제일바이오,20250425
271980,01236897,제일약품,20250326
412540,00528791,제일엠앤에스,20240430
001560,00148461,제일연마,20221124
199820,00148470,제일일렉트릭,20250224
038010,00148595,제일테크노스,20221205
002620,00148443,제일파마홀딩스,20220222
080220,00447487,제주반도체,20240807
006220,00148832,제주은행,20250206
089590,00555874,제주항공,20221227
216080,01222867,제테마,20240219
337930,01391103,젝시믹스,20250422
229000,01051472,젠큐릭스,20250219
082270,00492894,젬백스,20240401
044060,00291860,조광ILI,20240828
004910,00148920,조광페인트,20221208
004700,00148939,조광피혁,20220221
001550,00148948,조비,20221229
462520,01770203,조선내화,20241206
120030,00796994,조선선재,20230727
034940,00231831,조아제약,20240701
067000,00397252,조이시티,20241219
018470,00149239,조일알미늄,20240227
002600,00149345,조흥,20240701
185750,00992871,종근당,20240701
063160,00390055,종근당바이오,20240329
001630,00149354,종근당홀딩스,20240329
033340,00205003,좋은사람들,20250331
036930,00252135,주성엔지니어링,20250429
109070,00753643,주성코퍼레이션,20240503
044380,00269241,주연테크,20230412
072020,00415327,중앙백신,20240701
000440,00149770,중앙에너비스,20221205
051980,00347716,중앙첨단소재,20250515
228760,01108248,지노믹트리,20230502
314130,01276026,지놈앤컴퍼니,20240329
013890,00150633,지누스,20250321
389030,01494154,지니너스,20230918
263860,00962223,지니언스,20220214
303030,01318933,지니틱스,20240830
036180,00257149,지더블유바이텍,20241121
208350,01047169,지란지교시큐리티,20240401
289860,00945776,지슨,20240723
144510,01010642,지씨셀,20250326
358570,01351080,지아이이노베이션,20250402
382480,01311310,지아이텍,20240701
382800,00958327,지앤비에스 에코,20241120
299480,01188749,지앤이헬스케어,20230222
051160,00389110,지어소프트,20230221
053050,00351995,지에스이,20240226
076340,00321204,지에이이노더스,20250421
388610,01221752,지에프씨생명과학,20221223
119850,00626464,지엔씨에너지,20230403
065060,00258102,지엔코,20241021
204840,01042359,지엘팜텍,20250220
013870,00156354,지엠비코리아,20230223
071320,00159698,지역난방공사,20230106
311320,00668965,지오엘리먼트,20250210
388050,01462605,지투파워,20240226
088790,00557933,진도,20240829
018120,00170877,진로발효,20220228
109820,00552992,진매트릭스,20220224
086060,00491053,진바이오텍,20221123
036890,00174208,진성티이씨,20230203
363250,01437858,진시스템,20240227
003780,00150439,진양산업,20250314
007370,00150536,진양제약,20240701
010640,00160375,진양폴리우레탄,20250312
100250,00646732,진양홀딩스,20230516
051630,00347734,진양화학,20250313
272450,00653024,진에어,20221205
285800,00816933,진영,20250224
011000,00118521,진원생명과학,20221124
250030,01158632,진코스텍,20240222
002780,00150828,진흥기업,20240328
233990,01063556,질경이,20221129
085660,00525679,차바이오텍,20250401
261780,01141599,차백신연구소,20230104
351870,00909835,차이커뮤니케이션,20240927
009310,00153621,참엔지니어링,20240821
094850,00606770,참좋은여행,20250324
368030,01467336,창대정밀,20241223
004650,00123523,창해에탄올,20240327
278280,00897752,천보,20230221
000650,00151395,천일고속,20221205
362320,01534577,청담글로벌,20230331
066360,00216434,체리부로,20250317
033250,00125576,체시스,20231004
047820,00299464,초록뱀미디어,20241202
094360,00579971,칩스앤미디어,20230222
016920,00152260,카스,20221205
284620,01263527,카이노스메드,20240220
035720,00258801,카카오,20240329
293490,01137383,카카오게임즈,20240402
323410,01133217,카카오뱅크,20221228
377300,01244601,카카오페이,20221227
140430,01116265,카티스,20240503
042000,00260879,카페24,20220228
006380,00159810,카프로,20250514
313760,00863038,캐리,20241212
317530,01267222,캐리소프트,20220228
071850,00302582,캐스텍코리아,20230614
210120,00550082,캔버스엔,20250131
050110,00330044,캠시스,20240520
452300,01497124,캡스톤파트너스,20231115
451760,01685251,컨텍,20240226
900310,01236286,컬러레이,20210924
078340,00476498,컴투스,20240401
063080,00535746,컴투스홀딩스,20250120
307930,00598198,컴퍼니케이,20240228
079190,00479705,케스피온,20230731
263700,01187148,케어랩스,20250103
214370,00549891,케어젠,20250311
221980,00370918,케이디켐,20241129
038530,00255105,케이바이오,20240617
001620,00114765,케이비아이동국실업,20240402
192250,01003040,케이사인,20240327
431190,01689266,케이쓰리아이,20250225
029460,00209780,케이씨,20241111
002380,00105271,케이씨씨,20240703
344820,01428203,케이씨씨글라스,20250508
115500,00441650,케이씨에스,20221201
281820,01261893,케이씨텍,20230217
089150,00441447,케이씨티,20240327
009070,00103042,케이씨티시,20220328
025880,00101752,케이씨피드,20240701
093320,00603348,케이아이엔엑스,20240902
093640,00536888,케이알엠,20231215
073010,00328191,케이에스피,20230213
105330,00606664,케이엔더블유,20230828
053080,00304076,케이엔솔,20230615
199430,00672603,케이엔알시스템,20250407
432470,01402995,케이엔에스,20231206
272110,00769158,케이엔제이,20230502
039420,00246620,케이엘넷,20240401
083550,00242934,케이엠,20250401
032500,00226352,케이엠더블유,20230223
225430,01095704,케이엠제약,20230217
102370,00668600,케이옥션,20230223
068100,00426828,케이웨더,20240222
106080,00542898,케이이엠텍,20250304
381970,01323032,케이카,20231114
145270,00861076,케이탑리츠,20230330
030200,00190321,케이티,20240111
053210,00349097,케이티스카이라이프,20240329
036030,00260958,케이티알파,20240125
033780,00244455,케이티앤지,20240329
064820,00152437,케이프,20230502
024880,00157636,케이피에프,20230216
042040,00206686,케이피엠테크,20240502
054410,00357607,케이피티유,20221130
258610,00961507,케일럼,20250109
274090,01158553,켄코아에어로스페이스,20221128
402420,01507722,켈스,20230220
089010,00371485,켐트로닉스,20250102
220260,01089350,켐트로스,20250418
176590,00666329,코나솔,20250502
052400,00349732,코나아이,20240805
402030,00601988,코난테크놀로지,20230330
391710,01573284,코닉오토메이션,20240502
046070,00295857,코다코,20241119
047770,00329093,코데즈컴바인,20250327
080530,00308559,코디,20240906
417310,01180118,코람코더원리츠,20230119
357120,01430475,코람코라이프인프라리츠,20230920
104540,00541437,코렌텍,20240722
027050,00152589,코리아나,20250521
007810,00152686,코리아써키트,20230220
190650,00304915,코리아에셋투자증권,20220523
123410,00803425,코리아에프티,20221213
003690,00113191,코리안리,20250414
036690,00268118,코맥스,20221202
049430,00152783,코메론,20221108
183300,00997812,코미코,20230215
041960,00187415,코미팜,20230707
089890,00365934,코세스,20240221
360350,01493793,코셈,20240801
189350,00965062,코셋,20230217
082660,00442455,코스나인,20241126
192820,01009789,코스맥스,20250328
044820,00219574,코스맥스비티아이,20250328
222040,00656289,코스맥스엔비티,20250327
241710,00763473,코스메카코리아,20220225
005070,00129989,코스모신소재,20230222
005420,00160302,코스모화학,20250327
355150,01476219,코스텍시스,20231123
169670,00610861,코스텍시스템,20240226
071950,00210856,코아스,20250331
166480,00989664,코아스템켐온,20240701
045970,00271501,코아시아,20230601
196450,01031502,코아시아씨엠,20250327
384470,01512575,코어라인소프트,20240620
029960,00197476,코엔텍,20240509
002020,00152862,코오롱,20240329
138490,00241005,코오롱ENP,20250327
003070,00152880,코오롱글로벌,20230109
450140,01712485,코오롱모빌리티그룹,20250327
102940,00525642,코오롱생명과학,20230329
120110,00795135,코오롱인더,20250327
950160,01245062,코오롱티슈진,20250327
021240,00170558,코웨이,20230103
033290,00155948,코웰패션,20241001
056360,00360674,코위버,20221212
282880,01211232,코윈테크,20250327
121850,00807397,코이즈,20221205
448710,00959210,코츠테크놀로지,20230810
126730,00446901,코칩,20240507
015710,00187725,코콤,20240401
052330,00305297,코텍,20230223
322780,01364297,코퍼스코리아,20230223
036420,00203315,콘텐트리중앙,20250331
200130,01032404,콜마비앤에이치,20240111
024720,00203290,콜마홀딩스,20240503
294570,01311055,쿠콘,20250502
192400,00132354,쿠쿠홀딩스,20220502
284740,01267684,쿠쿠홈시스,20220304
317690,01311286,퀀타매트릭스,20220915
227100,01207761,퀀텀온,20250411
432720,01584183,퀄리타스반도체,20250221
456190,01205514,큐라켐,20230518
365270,01397772,큐라클,20230217
348080,01357765,큐라티스,20241217
086460,00548519,큐러블,20250512
060280,00356802,큐렉소,20230811
372320,01492651,큐로셀,20240919
051780,00296324,큐로홀딩스,20240219
115180,01042650,큐리언트,20221118
445680,01498974,큐리옥스바이오시스템즈,20240227
182360,00985686,큐브엔터,20221209
405100,01033591,큐알티,20240227
066310,00411446,큐에스아이,20220225
136660,00816696,큐엠씨,20240513
016600,00267942,큐캐피탈,20221206
355390,01514005,크라우드웍스,20240401
264900,01205329,크라운제과,20240701
005740,00153126,크라운해태홀딩스,20230215
259960,00760971,크래프톤,20231027
096240,00525882,크레버스,20231218
040350,00346407,크레오에스지,20240502
215570,01034730,크로넥스,20241219
110790,00522007,크리스에프앤씨,20250409
900250,01107665,크리스탈신소재,20201109
045520,00185222,크린앤사이언스,20221202
214150,01061327,클래시스,20221130
466100,01784914,클로봇,20250228
237880,00957735,클리오,20230223
139670,00535375,키네마스터,20230223
020120,00140131,키다리스튜디오,20250328
487720,01877126,키움제10호스팩,20250228
489480,01873272,키움제11호스팩,20241211
446840,01693922,키움제8호스팩,20240723
039490,00296290,키움증권,20240723
054780,00353762,키이스트,20231208
256940,01037214,킵스파마,20250417
336040,01118139,타스컴,20240315
219130,00617314,타이거일렉,20250328
346010,01309069,타이드,20221228
318660,01345724,타임기술,20230220
476710,01518506,타조엔터테인먼트,20241030
434190,01020269,탈로스,20221123
336680,00814582,탑런토탈솔루션,20250106
360070,01360875,탑머티리얼,20240725
180060,00874937,탑선,20241209
065130,00366845,탑엔지니어링,20250321
134580,00608699,탑코미디어,20250414
014580,00122481,태경비케이,20250331
015890,00153339,태경산업,20240402
006890,00109161,태경케미컬,20221208
023160,00153375,태광,20250328
003240,00153393,태광산업,20250502
011280,00153524,태림포장,20220120
323280,01366000,태성,20240823
053620,00186717,태양,20221207
052960,00302236,태양3C,20230228
004100,00153755,태양금속공업,20221214
116100,00442631,태양기계,20250114
009410,00153861,태영건설,20240329
044490,00186799,태웅,20250314
124560,00562245,태웅로직스,20250402
001420,00154055,태원물산,20221209
191420,00926522,테고사이언스,20240701
073640,00373021,테라사이언스,20241121
066700,00249894,테라젠이텍스,20241015
095610,00524421,테스,20220225
055490,00256955,테이팩스,20250319
308700,01016886,테크엔,20250404
064520,00370255,테크엘,20250226
089030,00535676,테크윙,20240223
258050,01246742,테크트랜스,20230220
054450,00423177,텔레칩스,20230222
078000,00361488,텔코웨어,20250331
200230,00608802,텔콘RF제약,20240502
214420,00816544,토니모리,20221209
393210,01436479,토마토시스템,20250311
475960,01573336,토모큐브,20250401
215480,01064069,토박스코리아,20241104
051360,00390365,토비스,20231226
045340,00355089,토탈소프트,20250214
108230,00531917,톱텍,20230410
079970,00596260,투비소프트,20250106
199800,00547510,툴젠,20250331
417790,01134216,트루엔,20230517
290090,01217014,트윔,20240618
026150,00186939,특수건설,20211213
464280,01232192,티디에스팜,20240821
117730,00867098,티로보틱스,20220221
033830,00204642,티비씨,20230427
084870,00409672,티비에이치글로벌,20230922
057680,00372688,티사이언티픽,20230630
204610,00609661,티쓰리,20230220
125020,00381756,티씨머티리얼즈,20250515
064760,00245472,티씨케이,20241010
246710,01109937,티앤알바이오팹,20250220
340570,00608440,티앤엘,20240701
043220,00317487,티에스넥스젠,20250411
277880,01139035,티에스아이,20250220
131290,00372226,티에스이,20250331
019180,00118965,티에이치엔,20220228
425420,01035368,티에프이,20221117
484810,01458161,티엑스알로보틱스,20250320
131100,00814786,티엔엔터테인먼트,20241202
356860,00920379,티엘비,20230223
413300,01583953,티엘엔지니어링,20221118
363280,01497869,티와이홀딩스,20250331
321550,01335930,티움바이오,20230816
091810,00671376,티웨이항공,20230403
004870,00109514,티웨이홀딩스,20240626
425040,01301252,티이엠씨,20230223
241790,01113754,티이엠씨씨엔에스,20240425
069260,00426086,티케이지휴켐스,20230726
104480,00693554,티케이케미칼,20240111
081150,00497631,티플랙스,20250502
130740,00578538,티피씨글로벌,20240227
217880,00976615,틸론,20240909
084730,00438036,팅크웨어,20220221
440110,01292291,파두,20231019
034230,00171265,파라다이스,20250331
033540,00105138,파라텍,20230612
388870,01495180,파로스아이바이오,20240309
043200,00266934,파루,20221125
214450,00970453,파마리서치,20250326
217950,01066058,파마리서치바이오,20220425
208340,00972293,파멥신,20241016
005690,00145163,파미셀,20241002
177830,00429694,파버나인,20221202
037070,00238153,파세코,20221129
150900,00638487,파수,20240226
037030,00231354,파워넷,20230209
047310,00269612,파워로직스,20221212
266870,01190780,파워풀엑스,20250212
368770,01513440,파이버프로,20230217
170790,00492353,파이오링크,20250218
049120,00350020,파인디앤씨,20221209
038950,00264732,파인디지털,20221208
387570,01455410,파인메딕스,20241226
441270,01686755,파인엠텍,20221027
106240,00755739,파인테크닉스,20230913
131760,00820352,파인텍,20250407
065690,00384762,파커스,20240502
140860,00244747,파크시스템스,20220225
091700,00490151,파트론,20230327
202960,00541862,판도라티비,20230222
032800,00231691,판타지오,20241111
318010,00986898,팜스빌,20240701
036580,00260408,팜스코,20241021
027710,00192499,팜스토리,20240701
004720,00135050,팜젠사이언스,20240701
266350,01208821,팡스카이,20250110
225590,01101041,패션플랫폼,20221205
054300,00339072,팬스타엔터프라이즈,20250414
068050,00397191,팬엔터테인먼트,20240819
028670,00122737,팬오션,20221209
222110,00962922,팬젠,20241216
271830,01146220,팸텍,20230523
010820,00148522,퍼스텍,20230216
016800,00161709,퍼시스,20221207
263750,01152470,펄어비스,20240701
251970,00761059,펌텍코리아,20230223
001020,00134723,페이퍼코리아,20240701
327610,01336735,펨토바이오메드,20241203
168360,00957373,펨트론,20240226
087010,00415868,펩트론,20240701
090080,00573579,평화산업,20230330
010770,00155124,평화홀딩스,20250109
064800,00392691,포니링크,20240704
119500,00188797,포메탈,20221228
389140,01513699,포바이포,20250527
105760,00862312,포스뱅크,20240129
022100,00155212,포스코DX,20250325
058430,00155258,포스코스틸리온,20250325
009520,00128111,포스코엠텍,20250328
047050,00124504,포스코인터내셔널,20241002
003670,00155276,포스코퓨처엠,20250325
189690,00939942,포시에스,20240611
318020,00962393,포인트모바일,20240708
256630,01179608,포인트엔지니어링,20230324
331380,01393721,포커스에이아이,20250428
208710,01047707,포톤,20250421
472850,01806951,폰드그룹,20250502
039980,00369213,폴라리스AI,20240904
041910,00463342,폴라리스AI파마,20250218
234100,00617998,폴라리스세원,20230329
041020,00269852,폴라리스오피스,20231115
114630,00663669,폴라리스우노,20250221
290720,01259311,푸드나무,20241122
005670,00165103,푸드웰,20230329
094940,00537832,푸른기술,20221130
057880,00410739,푸른소나무,20250502
007330,00124805,푸른저축은행,20250425
017810,00155355,풀무원,20241209
093380,00155373,풍강,20221027
023900,00155452,풍국주정,20221222
103140,00684714,풍산,20230102
005810,00155531,풍산홀딩스,20250324
371950,00417167,풍원정밀,20220721
370090,01357446,퓨런티어,20240318
445180,01027828,퓨릿,20250325
151910,00653103,퓨처코어,20240906
341170,01185867,퓨쳐메디신,20240523
220100,01053540,퓨쳐켐,20240222
035200,00356389,프럼파스트,20230502
334970,01258428,프레스티지바이오로직스,20250331
950210,01510489,프레스티지바이오파마,20240816
321260,01359736,프로이천,20220225
296160,01156795,프로젠,20231115
053610,00325112,프로텍,20221205
303360,01267958,프로티아,20231115
377220,01217865,프롬바이오,20250402
335810,01137295,프리시젼바이오,20220225
053160,00352064,프리엠스,20240517
405000,01575839,플라즈맵,20240919
041590,00297448,플래스크,20250305
367000,01454341,플래티어,20220224
075130,00490179,플랜티넷,20221201
222670,01063237,플럼라인생명과학,20240405
009810,00103130,플레이그램,20240612
237820,00862853,플레이디,20230217
023770,00138367,플레이위드,20231130
019570,00110750,플루토스,20240425
300080,01237434,플리토,20230901
033790,00276083,피노,20250502
032580,00189538,피델릭스,20230112
051380,00297934,피씨디렉트,20231115
241820,01051092,피씨엘,20221201
452450,01429220,피아이이,20250204
237750,00525864,피앤씨테크,20240902
460940,01419205,피앤에스미캐닉스,20240731
319660,01365825,피에스케이,20230222
031980,00208444,피에스케이홀딩스,20230223
002230,00155638,피에스텍,20240828
043370,00155151,피에이치에이,20230216
239890,01112889,피엔에이치테크,20250401
347740,01290381,피엔케이피부임상연구센타,20240401
137400,00612294,피엔티,20230223
257370,01144569,피엔티엠에스,20231018
147760,00654175,피엠티,20230519
128660,00829380,피제이메탈,20250219
006140,00155735,피제이전자,20240223
376180,00604028,피코그램,20240226
304840,01118281,피플바이오,20240701
087600,00495086,픽셀플러스,20240327
291810,01524507,핀텔,20231017
378340,01488320,필에너지,20230714
161580,00938721,필옵틱스,20230221
347770,01405390,핌스,20230217
163730,01142075,핑거,20230220
417180,01584934,핑거스토리,20230215
446750,01696275,하나26호스팩,20240220
448370,01700374,하나27호스팩,20230406
454750,01724338,하나28호스팩,20230810
454640,01724417,하나29호스팩,20230628
469880,01791321,하나30호스팩,20231222
469900,01791561,하나31호스팩,20240305
475240,01807738,하나32호스팩,20240327
475250,01807729,하나33호스팩,20240424
484130,01847550,하나34호스팩,20241119
086790,00547583,하나금융지주,20230922
299030,00601191,하나기술,20220221
067310,00445054,하나마이크론,20240919
166090,00660750,하나머티리얼즈,20240326
293480,00248974,하나제약,20230403
039130,00269940,하나투어,20230103
136480,00857727,하림,20221213
003380,00148364,하림지주,20230220
450330,01663569,하스,20240910
101670,00527491,하이드로리튬,20250109
365590,01505186,하이딥,20221205
149980,00977641,하이로닉,20240801
013030,00165060,하이록코리아,20230223
352820,01204056,하이브,20240913
126700,00825959,하이비젼시스템,20240701
071090,00435312,하이스틸,20221219
450050,01705625,하이제8호스팩,20230622
160190,00650771,하이젠알앤엠,20250224
221840,00688358,하이즈항공,20220512
106190,00409964,하이텍팜,20221205
000080,00150244,하이트진로,20221228
000140,00148993,하이트진로홀딩스,20230102
065650,00391197,하이퍼코퍼레이션,20250116
066130,00221728,하츠,20221207
152550,00907013,한국ANKOR유전,20230427
004590,00156442,한국가구,20240502
036460,00261285,한국가스공사,20230113
039340,00263371,한국경제TV,20240325
005430,00156691,한국공항,20241122
071050,00432102,한국금융지주,20221228
034950,00156956,한국기업평가,20240909
010040,00160205,한국내화,20230222
025540,00157070,한국단자공업,20230217
222980,00579139,한국맥널티,20240701
010100,00160418,한국무브넥스,20230510
331660,01363924,한국미라클피플사,20240614
256840,01179617,한국비엔씨,20230220
219750,01031229,한국비티비,20241122
004090,00157991,한국석유공업,20250331
025550,00158015,한국선재,20240401
002200,00158112,한국수출포장공업,20230210
002960,00158149,한국쉘석유,20241125
017890,00158565,한국알콜,20250327
000240,00160047,한국앤컴퍼니,20250327
080720,00532855,한국유니온제약,20250401
123890,00404701,한국자산신탁,20221227
015760,00159193,한국전력공사,20240416
041460,00361169,한국전자인증,20240604
006200,00159254,한국전자홀딩스,20220802
101680,00257732,한국정밀기계,20221109
039740,00261957,한국정보공학,20240401
053300,00306454,한국정보인증,20240328
025770,00159342,한국정보통신,20230215
458610,01761296,한국제12호스팩,20240401
464440,01775952,한국제13호스팩,20231113
479880,01818682,한국제15호스팩,20240626
027970,00133706,한국제지,20240701
023350,00159500,한국종합기술,20250327
025890,00159564,한국주강,20221122
000970,00159573,한국주철관공업,20240401
104700,00687711,한국철강,20220222
062970,00403766,한국첨단소재,20241014
017960,00159795,한국카본,20221206
023760,00149594,한국캐피탈,20230404
054040,00303396,한국컴퓨터,20221130
161890,00939331,한국콜마,20221220
021650,00160010,한국큐빅,20221206
161390,00937324,한국타이어앤테크놀로지,20250327
034830,00233653,한국토지신탁,20250327
007280,00124090,한국특강,20240327
032300,00187770,한국파마,20240701
037230,00198192,한국팩키지,20250325
448900,00765897,한국피아이엠,20250404
047810,00309503,한국항공우주,20230309
123690,00823429,한국화장품,20221130
003350,00160621,한국화장품제조,20221206
030520,00204262,한글과컴퓨터,20230214
052600,00244783,한네트,20221214
011500,00160861,한농화성,20221109
002390,00161046,한독,20240701
256150,01069736,한독크린텍,20230217
092460,00528515,한라IMS,20250327
053690,00413523,한미글로벌,20230223
042700,00161383,한미반도체,20240328
008930,00161426,한미사이언스,20250327
128940,00828497,한미약품,20240701
452190,00607496,한빛레이저,20240104
047080,00348292,한빛소프트,20230530
009240,00161693,한샘,20231017
452280,00958451,한선엔지니어링,20231124
020000,00188089,한섬,20230103
003680,00161860,한성기업,20230223
066980,00389998,한성크린텍,20250327
105630,00728638,한세실업,20241213
069640,00357360,한세엠케이,20240329
016450,00161976,한세예스24홀딩스,20221212
009180,00140946,한솔로지스틱스,20250103
114810,00625942,한솔아이원스,20240527
070590,00470829,한솔인티큐브,20240322
213500,01060744,한솔제지,20250103
014680,00140955,한솔케미칼,20221130
004710,00157399,한솔테크닉스,20240909
010420,00103626,한솔피엔에스,20250103
004150,00171636,한솔홀딩스,20240328
025750,00203582,한솔홈데코,20230217
226440,01101722,한송네오텍,20250327
042520,00349060,한스바이오메드,20240701
004960,00162063,한신공영,20240401
011700,00162072,한신기계공업,20241030
430690,01602638,한싹,20250526
078350,00488989,한양디지텍,20241204
045100,00216762,한양이엔지,20240326
001750,00162416,한양증권,20250225
018880,00161125,한온시스템,20250106
009420,00162586,한올바이오파마,20240701
320000,01359815,한울반도체,20250401
091440,00560122,한울소재과학,20250401
276730,01230255,한울앤제주,20250428
014130,00129509,한익스프레스,20240827
024740,00162832,한일단조,20221125
005860,00162911,한일사료,20240701
300720,01319808,한일시멘트,20241211
002220,00163196,한일철강,20221202
006390,00164672,한일현대시멘트,20241211
003300,00162993,한일홀딩스,20230112
007770,00267979,한일화학,20220224
051600,00159218,한전KPS,20230207
052690,00159209,한전기술,20250416
130660,00194947,한전산업,20230811
198940,00156600,한주라이트메탈,20231005
058450,00146427,한주에이알티,20250502
107640,00474588,한중엔시에스,20240624
002320,00163512,한진,20230427
003480,00163673,한진중공업홀딩스,20250331
180640,00983040,한진칼,20240502
005110,00163716,한창,20240905
079170,00202839,한창산업,20221201
009460,00163761,한창제지,20250327
372910,00534598,한컴라이프케어,20250103
054920,00363592,한컴위드,20230331
457370,01016309,한켐,20241022
002680,00140566,한탑,20240701
098070,00404941,한텍,20250402
000880,00160588,한화,20240722
452260,01722437,한화갤러리아,20240514
451800,01669226,한화리츠,20231127
489790,01867758,한화비전,20250512
088350,00113058,한화생명,20220429
000370,00135917,한화손해보험,20230323
009830,00162461,한화솔루션,20240913
272210,00339391,한화시스템,20241023
012450,00126566,한화에어로스페이스,20250326
082740,00361008,한화엔진,20241210
042660,00111704,한화오션,20241021
003530,00148610,한화투자증권,20230725
455310,01725160,한화플러스제4호스팩,20231025
498390,01881800,한화플러스제5호스팩,20250320
195870,01032413,해성디에스,20250325
034810,00219361,해성산업,20230403
059270,00453442,해성에어로보틱스,20240430
076610,00483735,해성옵틱스,20231128
101530,00428321,해태제과식품,20240701
220180,00793155,핸디소프트,20221201
143210,00119140,핸즈코퍼레이션,20230223
900270,01160512,헝셩그룹,20221107
214180,01013311,헥토이노베이션,20230220
234340,00763701,헥토파이낸셜,20241213
084990,00359395,헬릭스미스,20250115
187660,01409022,현대ADM,20240923
000720,00164478,현대건설,20250422
170030,00164502,현대공업,20230418
453340,01721809,현대그린푸드,20230427
086280,00360595,현대글로비스,20240108
064350,00302926,현대로템,20230104
079430,00300548,현대리바트,20221130
012330,00164788,현대모비스,20250312
319400,01358463,현대무벡스,20240329
048410,00313649,현대바이오,20250326
052260,00347062,현대바이오랜드,20221205
069960,00428251,현대백화점,20240208
004560,00125743,현대비앤지스틸,20250325
016790,00164618,현대사료,20241128
004310,00164706,현대약품,20240701
041440,00228536,현대에버다임,20230215
039010,00255044,현대에이치티,20230216
017800,00164724,현대엘리베이터,20230110
307950,00362441,현대오토에버,20240327
011210,00106623,현대위아,20221228
090850,00656951,현대이지웰,20250325
005380,00164742,현대자동차,20241223
004020,00145880,현대제철,20231229
005440,00105280,현대지에프홀딩스,20240321
001500,00137997,현대차증권,20240322
011760,00164812,현대코퍼레이션,20230216
227840,01108099,현대코퍼레이션홀딩스,20250327
126560,00403632,현대퓨처넷,20240206
001450,00164973,현대해상,20250324
057050,00412597,현대홈쇼핑,20250122
460930,00667373,현대힘스,20240126
092300,00367455,현우산업,20230220
138360,00808068,협진,20230502
011080,00142713,형지I&C,20250225
308100,01181807,형지글로벌,20250327
093240,00441243,형지엘리트,20241002
003010,00165343,혜인,20230221
111110,00226316,호전실업,20241203
008770,00165680,호텔신라,20221209
060560,00288495,홈센타홀딩스,20211202
064240,00385336,홈캐스트,20250204
039610,00217743,화성밸브,20230316
378850,01532603,화승알앤에이,20220330
241590,01128613,화승엔터프라이즈,20230214
006060,00166227,화승인더스트리,20250502
013520,00166272,화승코퍼레이션,20220228
010690,00166315,화신,20230216
126640,00825223,화신정공,20240425
133820,00661847,화인베스틸,20250401
127980,00527002,화인써키트,20250421
061250,00188973,화일약품,20240320
010660,00166500,화천기계,20240321
000850,00166519,화천기공,20240322
016580,00166573,환인제약,20240701
032560,00218575,황금에스티,20220518
004800,00117188,효성,20250325
094280,00414850,효성 ITX,20240719
097870,00367385,효성오앤비,20220812
298040,01316245,효성중공업,20240326
298020,01316227,효성티앤씨,20230216
298000,01316236,효성화학,20230220
093370,00595191,후성,20240314
290270,01251577,휴네시온,20240712
005870,00111421,휴니드테크놀러지스,20250326
353190,01453670,휴럼,20240701
090710,00540429,휴림로봇,20221207
078590,00230814,휴림에이텍,20240321
205470,01042979,휴마시스,20230320
115160,00787057,휴맥스,20231115
028080,00219440,휴맥스홀딩스,20221202
175140,00861997,휴먼테크놀로지,20240723
200670,00614478,휴메딕스,20250327
079980,00362238,휴비스,20240327
065510,00398668,휴비츠,20230125
005010,00156488,휴스틸,20250327
263920,01185566,휴엠앤씨,20221205
243070,01159853,휴온스,20250102
084110,00228059,휴온스글로벌,20250401
145020,00888347,휴젤,20250317
024060,00167004,흥구석유,20221209
010240,00167031,흥국,20230223
189980,00916516,흥국에프엔비,20231024
000540,00103176,흥국화재,20240401
003280,00167208,흥아해운,20231010
037440,00236863,희림,20250326
238490,00556712,힘스,20220228
