ticker,cp_name,market,corp_code
000020,동화약품,KOSPI,00119195
000040,KR모터스,KOSPI,00112378
000050,경방,KOSPI,00101628
000070,삼양홀딩스,KOSPI,00126937
000075,삼양홀딩스우,KOSPI,
000080,하이트진로,KOSPI,00150244
000087,하이트진로2우B,KOSPI,
000100,유한양행,KOSPI,00145109
000105,유한양행우,KOSPI,
000120,CJ대한통운,KOSPI,00113410
000140,하이트진로홀딩스,KOSPI,00148993
000145,하이트진로홀딩스우,KOSPI,
000150,두산,KOSPI,00117212
000155,두산우,KOSPI,
000157,두산2우B,KOSPI,
000180,성창기업지주,KOSPI,00133335
000210,DL,KOSPI,00109693
000215,DL우,KOSPI,
000220,유유제약,KOSPI,00144818
000225,유유제약1우,KOSPI,
000227,유유제약2우B,KOSPI,
000230,일동홀딩스,KOSPI,00146083
000240,한국앤컴퍼니,KOSPI,00160047
000250,삼천당제약,KOSDAQ,00128546
000270,기아,KOSPI,00106641
000300,DH오토넥스,KOSPI,00126089
000320,노루홀딩스,KOSPI,00113508
000325,노루홀딩스우,KOSPI,
000370,한화손해보험,KOSPI,00135917
000390,삼화페인트,KOSPI,00129387
000400,롯데손해보험,KOSPI,00113562
000430,대원강업,KOSPI,00111847
000440,중앙에너비스,KOSDAQ,00149770
000480,CR홀딩스,KOSPI,00148984
000490,대동,KOSPI,00109286
000500,가온전선,KOSPI,00104768
000520,삼일제약,KOSPI,00128032
000540,흥국화재,KOSPI,00103176
000545,흥국화재우,KOSPI,
000590,CS홀딩스,KOSPI,00149026
000640,동아쏘시오홀딩스,KOSPI,00116824
000650,천일고속,KOSPI,00151395
000660,SK하이닉스,KOSPI,00164779
000670,영풍,KOSPI,00141307
000680,LS네트웍스,KOSPI,00104698
000700,유수홀딩스,KOSPI,00163691
000720,현대건설,KOSPI,00164478
000725,현대건설우,KOSPI,
000760,이화산업,KOSPI,00145686
000810,삼성화재,KOSPI,00139214
000815,삼성화재우,KOSPI,
000850,화천기공,KOSPI,00166519
000860,강남제비스코,KOSPI,00100939
000880,한화,KOSPI,00160588
000885,한화우,KOSPI,
00088K,한화3우B,KOSPI,
000890,보해양조,KOSPI,00123541
000910,유니온,KOSPI,00144252
000950,전방,KOSPI,00147222
000970,한국주철관,KOSPI,00159573
000990,DB하이텍,KOSPI,00160843
001000,신라섬유,KOSDAQ,00135999
001020,페이퍼코리아,KOSPI,00134723
001040,CJ,KOSPI,00148540
001045,CJ우,KOSPI,
00104K,CJ4우(전환),KOSPI,
001060,JW중외제약,KOSPI,00149947
001065,JW중외제약우,KOSPI,
001067,JW중외제약2우B,KOSPI,
001070,대한방직,KOSPI,00112970
001080,만호제강,KOSPI,00120872
001120,LX인터내셔널,KOSPI,00120076
001130,대한제분,KOSPI,00113243
001140,국보,KOSPI,00104519
001200,유진투자증권,KOSPI,00131054
001210,금호전기,KOSPI,00106395
001230,동국홀딩스,KOSPI,00114792
001250,GS글로벌,KOSPI,00138190
001260,남광토건,KOSPI,00107066
001270,부국증권,KOSPI,00123772
001275,부국증권우,KOSPI,
001290,상상인증권,KOSPI,00112059
001340,PKC,KOSPI,00122472
001360,삼성제약,KOSPI,00126414
001380,SG글로벌,KOSPI,00152039
001390,KG케미칼,KOSPI,00101220
001420,태원물산,KOSPI,00154055
001430,세아베스틸지주,KOSPI,00106669
001440,대한전선,KOSPI,00113207
001450,현대해상,KOSPI,00164973
001460,BYC,KOSPI,00122579
001465,BYC우,KOSPI,
001470,삼부토건,KOSPI,00125974
001500,현대차증권,KOSPI,00137997
001510,SK증권,KOSPI,00131850
001515,SK증권우,KOSPI,
001520,동양,KOSPI,00117337
001525,동양우,KOSPI,
001527,동양2우B,KOSPI,
001530,DI동일,KOSPI,00118345
001540,안국약품,KOSDAQ,00139205
001550,조비,KOSPI,00148948
001560,제일연마,KOSPI,00148461
001570,금양,KOSPI,00106119
001620,케이비아이동국실업,KOSPI,00114765
001630,종근당홀딩스,KOSPI,00149354
001680,대상,KOSPI,00121941
001685,대상우,KOSPI,
001720,신영증권,KOSPI,00136721
001740,SK네트웍스,KOSPI,00131780
001750,한양증권,KOSPI,00162416
001755,한양증권우,KOSPI,
001770,SHD,KOSPI,00137809
001780,알루코,KOSPI,00117027
001790,대한제당,KOSPI,00113234
001795,대한제당우,KOSPI,
001800,오리온홀딩스,KOSPI,00117577
001810,무림SP,KOSDAQ,00121507
001820,삼화콘덴서,KOSPI,00129350
001840,이화공영,KOSDAQ,00145668
001940,KISCO홀딩스,KOSPI,00159740
002020,코오롱,KOSPI,00152862
002025,코오롱우,KOSPI,
002030,아세아,KOSPI,00138701
002070,비비안,KOSPI,00107677
002100,경농,KOSPI,00101433
002140,고려산업,KOSPI,00102751
002150,도화엔지니어링,KOSPI,00114552
002170,삼양통상,KOSPI,00127042
002200,한국수출포장,KOSPI,00158112
002210,동성제약,KOSPI,00116268
002220,한일철강,KOSPI,00163196
002230,피에스텍,KOSDAQ,00155638
002240,고려제강,KOSPI,00103006
002290,삼일기업공사,KOSDAQ,00127936
002310,아세아제지,KOSPI,00138729
002320,한진,KOSPI,00163512
002350,넥센타이어,KOSPI,00173874
002355,넥센타이어1우B,KOSPI,
002360,SH에너지화학,KOSPI,00136457
002380,KCC,KOSPI,00105271
002390,한독,KOSPI,00161046
002410,범양건영,KOSPI,00122694
002420,세기상사,KOSPI,00133618
002450,삼익악기,KOSPI,00127857
002460,HS화성,KOSPI,00174527
002600,조흥,KOSPI,00149345
002620,제일파마홀딩스,KOSPI,00148443
002630,오리엔트바이오,KOSPI,00141626
002680,한탑,KOSDAQ,00140566
002690,동일제강,KOSPI,00118451
002700,신일전자,KOSPI,00173698
002710,TCC스틸,KOSPI,00117300
002720,국제약품,KOSPI,00104722
002760,보락,KOSPI,00123107
002780,진흥기업,KOSPI,00150828
002785,진흥기업우B,KOSPI,
002787,진흥기업2우B,KOSPI,
002790,아모레퍼시픽홀딩스,KOSPI,00154462
002795,아모레퍼시픽홀딩스우,KOSPI,
00279K,아모레퍼시픽홀딩스3우C,KOSPI,
002800,신신제약,KOSDAQ,00136448
002810,삼영무역,KOSPI,00127167
002820,SUN&L,KOSPI,00132211
002840,미원상사,KOSPI,00121932
002870,신풍,KOSPI,00137368
002880,대유에이텍,KOSPI,00149804
002900,TYM,KOSPI,00117230
002920,유성기업,KOSPI,00174004
002960,한국쉘석유,KOSPI,00158149
002990,금호건설,KOSPI,00106313
002995,금호건설우,KOSPI,
003000,부광약품,KOSPI,00123718
003010,혜인,KOSPI,00165343
003030,세아제강지주,KOSPI,00124197
003060,에이프로젠바이오로직스,KOSPI,00101044
003070,코오롱글로벌,KOSPI,00152880
003075,코오롱글로벌우,KOSPI,
003080,SB성보,KOSPI,00132725
003090,대웅,KOSPI,00111810
003100,선광,KOSDAQ,00131896
003120,일성아이에스,KOSPI,00146214
003160,디아이,KOSPI,00118275
003200,일신방직,KOSPI,00146269
003220,대원제약,KOSPI,00111999
003230,삼양식품,KOSPI,00126955
003240,태광산업,KOSPI,00153393
003280,흥아해운,KOSPI,00167208
003300,한일홀딩스,KOSPI,00162993
003310,대주산업,KOSDAQ,00112457
003350,한국화장품제조,KOSPI,00160621
003380,하림지주,KOSDAQ,00148364
003460,유화증권,KOSPI,00145190
003465,유화증권우,KOSPI,
003470,유안타증권,KOSPI,00117601
003475,유안타증권우,KOSPI,
003480,한진중공업홀딩스,KOSPI,00163673
003490,대한항공,KOSPI,00113526
003495,대한항공우,KOSPI,
003520,영진약품,KOSPI,00141149
003530,한화투자증권,KOSPI,00148610
003535,한화투자증권우,KOSPI,
003540,대신증권,KOSPI,00110893
003545,대신증권우,KOSPI,
003547,대신증권2우B,KOSPI,
003550,LG,KOSPI,00120021
003555,LG우,KOSPI,
003560,IHQ,KOSPI,00154426
003570,SNT다이내믹스,KOSPI,00134477
003580,HLB글로벌,KOSPI,00169048
003610,방림,KOSPI,00122348
003620,KG모빌리티,KOSPI,00138242
003650,미창석유,KOSPI,00122056
003670,포스코퓨처엠,KOSPI,00155276
003680,한성기업,KOSPI,00161860
003690,코리안리,KOSPI,00113191
003720,삼영,KOSPI,00127255
003780,진양산업,KOSPI,00150439
003800,에이스침대,KOSDAQ,00140052
003830,대한화섬,KOSPI,00113544
003850,보령,KOSPI,00123143
003920,남양유업,KOSPI,00107598
003925,남양유업우,KOSPI,
003960,사조대림,KOSPI,00109718
004000,롯데정밀화학,KOSPI,00157681
004020,현대제철,KOSPI,00145880
004060,SG세계물산,KOSPI,00133511
004080,신흥,KOSPI,00173795
004090,한국석유,KOSPI,00157991
004100,태양금속,KOSPI,00153755
004105,태양금속우,KOSPI,
004140,동방,KOSPI,00115287
004150,한솔홀딩스,KOSPI,00171636
004170,신세계,KOSPI,00136378
004250,NPC,KOSPI,00108038
004255,NPC우,KOSPI,
004270,남성,KOSPI,00172185
004310,현대약품,KOSPI,00164706
004360,세방,KOSPI,00133812
004365,세방우,KOSPI,
004370,농심,KOSPI,00108241
004380,삼익THK,KOSPI,00127802
004410,서울식품,KOSPI,00130879
004415,서울식품우,KOSPI,
004430,송원산업,KOSPI,00134963
004440,삼일씨엔에스,KOSPI,00109806
004450,삼화왕관,KOSPI,00129235
004490,세방전지,KOSPI,00133858
004540,깨끗한나라,KOSPI,00113492
004545,깨끗한나라우,KOSPI,
004560,현대비앤지스틸,KOSPI,00125743
004590,한국가구,KOSDAQ,00156442
004650,창해에탄올,KOSDAQ,00123523
004690,삼천리,KOSPI,00128555
004700,조광피혁,KOSPI,00148939
004710,한솔테크닉스,KOSPI,00157399
004720,팜젠사이언스,KOSPI,00135050
004770,써니전자,KOSPI,00138057
004780,대륙제관,KOSDAQ,00109587
004800,효성,KOSPI,00117188
004830,덕성,KOSPI,00114093
004835,덕성우,KOSPI,
004840,DRB동일,KOSPI,00118266
004870,티웨이홀딩스,KOSPI,00109514
004890,동일산업,KOSPI,00172936
004910,조광페인트,KOSPI,00148920
004920,씨아이테크,KOSPI,00127158
004960,한신공영,KOSPI,00162063
004970,신라교역,KOSPI,00135962
004980,성신양회,KOSPI,00132804
004985,성신양회우,KOSPI,
004990,롯데지주,KOSPI,00120562
00499K,롯데지주우,KOSPI,
005010,휴스틸,KOSPI,00156488
005030,부산주공,KOSPI,00124151
005070,코스모신소재,KOSPI,00129989
005090,SGC에너지,KOSPI,00125150
005110,한창,KOSPI,00163716
005160,동국산업,KOSDAQ,00172680
005180,빙그레,KOSPI,00124726
005250,녹십자홀딩스,KOSPI,00108135
005257,녹십자홀딩스2우,KOSPI,
005290,동진쎄미켐,KOSDAQ,00118804
005300,롯데칠성,KOSPI,00120571
005305,롯데칠성우,KOSPI,
005320,온타이드,KOSPI,00168331
005360,모나미,KOSPI,00121288
005380,현대차,KOSPI,00164742
005385,현대차우,KOSPI,
005387,현대차2우B,KOSPI,
005389,현대차3우B,KOSPI,
005390,신성통상,KOSPI,00136341
005420,코스모화학,KOSPI,00160302
005430,한국공항,KOSPI,00156691
005440,현대지에프홀딩스,KOSPI,00105280
005490,POSCO홀딩스,KOSPI,00155319
005500,삼진제약,KOSPI,00128412
005610,SPC삼립,KOSPI,00125530
005670,푸드웰,KOSDAQ,00165103
005680,삼영전자,KOSPI,00127200
005690,파미셀,KOSPI,00145163
005710,대원산업,KOSDAQ,00111874
005720,넥센,KOSPI,00167192
005725,넥센우,KOSPI,
005740,크라운해태홀딩스,KOSPI,00153126
005745,크라운해태홀딩스우,KOSPI,
005750,대림바스,KOSPI,00109754
005800,신영와코루,KOSPI,00136624
005810,풍산홀딩스,KOSPI,00155531
005820,원림,KOSPI,00143794
005830,DB손해보험,KOSPI,00159102
005850,에스엘,KOSPI,00125521
005860,한일사료,KOSDAQ,00162911
005870,휴니드,KOSPI,00111421
005880,대한해운,KOSPI,00113535
005930,삼성전자,KOSPI,00126380
005935,삼성전자우,KOSPI,
005940,NH투자증권,KOSPI,00120182
005945,NH투자증권우,KOSPI,
005950,이수화학,KOSPI,00145552
005960,동부건설,KOSPI,00115612
005965,동부건설우,KOSPI,
005990,매일홀딩스,KOSDAQ,00120924
006040,동원산업,KOSPI,00118026
006050,국영지앤엠,KOSDAQ,00104537
006060,화승인더,KOSPI,00166227
006090,사조오양,KOSPI,00141875
006110,삼아알미늄,KOSPI,00126779
006120,SK디스커버리,KOSPI,00131832
006125,SK디스커버리우,KOSPI,
006140,피제이전자,KOSDAQ,00155735
006200,한국전자홀딩스,KOSPI,00159254
006220,제주은행,KOSPI,00148832
006260,LS,KOSPI,00105952
006280,녹십자,KOSPI,00129679
006340,대원전선,KOSPI,00260392
006345,대원전선우,KOSPI,
006360,GS건설,KOSPI,00120030
006370,대구백화점,KOSPI,00108977
006380,카프로,KOSPI,00159810
006390,한일현대시멘트,KOSPI,00164672
006400,삼성SDI,KOSPI,00126362
006405,삼성SDI우,KOSPI,
006490,인스코비,KOSPI,00122825
006570,대림통상,KOSPI,00109824
006620,동구바이오제약,KOSDAQ,00114686
006650,대한유화,KOSPI,00260383
006660,삼성공조,KOSPI,00126201
006730,서부T&D,KOSDAQ,00130383
006740,영풍제지,KOSPI,00141404
006800,미래에셋증권,KOSPI,00111722
006805,미래에셋증권우,KOSPI,
00680K,미래에셋증권2우B,KOSPI,
006840,AK홀딩스,KOSPI,00125080
006880,신송홀딩스,KOSPI,00136402
006890,태경케미컬,KOSPI,00109161
006910,보성파워텍,KOSDAQ,00267881
006920,모헨즈,KOSDAQ,00163318
006980,우성,KOSPI,00142661
007070,GS리테일,KOSPI,00140177
007110,일신석재,KOSPI,00146296
007120,미래아이앤지,KOSPI,00104786
007160,사조산업,KOSPI,00124799
007210,벽산,KOSPI,00122898
007280,한국특강,KOSPI,00124090
007310,오뚜기,KOSPI,00141529
007330,푸른저축은행,KOSDAQ,00124805
007340,DN오토모티브,KOSPI,00116949
007370,진양제약,KOSDAQ,00150536
007390,네이처셀,KOSDAQ,00117276
007460,에이프로젠,KOSPI,00152385
007530,와이엠,KOSDAQ,00140858
007540,샘표,KOSPI,00130091
007570,일양약품,KOSPI,00146454
007575,일양약품우,KOSPI,
007590,동방아그로,KOSPI,00115384
007610,선도전기,KOSPI,00131939
007660,이수페타시스,KOSPI,00107613
007680,대원,KOSDAQ,00111838
007690,국도화학,KOSPI,00104388
007700,F&F홀딩스,KOSPI,00126487
007720,소노스퀘어,KOSDAQ,00104810
007770,한일화학,KOSDAQ,00267979
007810,코리아써키트,KOSPI,00152686
007815,코리아써우,KOSPI,
00781K,코리아써키트2우B,KOSPI,
007820,에스엠코어,KOSDAQ,00137915
007860,서연,KOSPI,00163114
007980,TP,KOSPI,00154329
008040,사조동아원,KOSPI,00137252
008060,대덕,KOSPI,00109189
00806K,대덕1우,KOSPI,
008110,대동전자,KOSPI,00157104
008250,이건산업,KOSPI,00145446
008260,NI스틸,KOSPI,00116301
008290,원풍물산,KOSDAQ,00144021
008350,남선알미늄,KOSPI,00107224
008355,남선알미우,KOSPI,
008370,원풍,KOSDAQ,00144012
008420,문배철강,KOSPI,00121570
008470,부스타,KOSDAQ,00124276
008490,서흥,KOSPI,00131692
008500,일정실업,KOSPI,00146542
008600,윌비스,KOSPI,00104999
008700,아남전자,KOSPI,00138516
008730,율촌화학,KOSPI,00145260
008770,호텔신라,KOSPI,00165680
008775,호텔신라우,KOSPI,
008830,대동기어,KOSDAQ,00109310
008870,금비,KOSPI,00168401
008930,한미사이언스,KOSPI,00161426
008970,동양철관,KOSPI,00117629
009070,KCTC,KOSPI,00103042
009140,경인전자,KOSPI,00102140
009150,삼성전기,KOSPI,00126371
009155,삼성전기우,KOSPI,
009160,SIMPAC,KOSPI,00138260
009180,한솔로지스틱스,KOSPI,00140946
009190,대양금속,KOSPI,00111111
009200,무림페이퍼,KOSPI,00136086
009240,한샘,KOSPI,00161693
009270,신원,KOSPI,00136864
009290,광동제약,KOSPI,00103592
009300,삼아제약,KOSDAQ,00126788
009310,참엔지니어링,KOSPI,00153621
009320,아진전자부품,KOSPI,00111689
009410,태영건설,KOSPI,00153861
009415,태영건설우,KOSPI,
009420,한올바이오파마,KOSPI,00162586
009440,KC그린홀딩스,KOSPI,00159971
009450,경동나비엔,KOSPI,00101488
009460,한창제지,KOSPI,00163761
009470,삼화전기,KOSPI,00129271
009520,포스코엠텍,KOSDAQ,00128111
009540,HD한국조선해양,KOSPI,00164830
009580,무림P&P,KOSPI,00119007
009620,삼보산업,KOSDAQ,00125822
009680,모토닉,KOSPI,00151128
009730,이렘,KOSDAQ,00116426
009770,삼정펄프,KOSPI,00128227
009780,엠에스씨,KOSDAQ,00121154
009810,플레이그램,KOSPI,00103130
009830,한화솔루션,KOSPI,00162461
009835,한화솔루션우,KOSPI,
009900,명신산업,KOSPI,00173078
009970,영원무역홀딩스,KOSPI,00140964
010040,한국내화,KOSPI,00160205
010060,OCI홀딩스,KOSPI,00148896
010100,한국무브넥스,KOSPI,00160418
010120,LS ELECTRIC,KOSPI,00105855
010130,고려아연,KOSPI,00102858
010140,삼성중공업,KOSPI,00126478
010170,대한광통신,KOSDAQ,00113261
010240,흥국,KOSDAQ,00167031
010280,아이티센엔텍,KOSDAQ,00138303
010400,우진아이엔에스,KOSPI,00143262
010420,한솔PNS,KOSPI,00103626
010470,오리콤,KOSDAQ,00141671
010580,에스엠벡셀,KOSPI,00147860
010600,웰바이오텍,KOSPI,00141273
010620,HD현대미포,KOSPI,00164609
010640,진양폴리,KOSPI,00160375
010660,화천기계,KOSPI,00166500
010690,화신,KOSPI,00166315
010770,평화홀딩스,KOSPI,00155124
010780,아이에스동서,KOSPI,00115977
010820,퍼스텍,KOSPI,00148522
010950,S-Oil,KOSPI,00138279
010955,S-Oil우,KOSPI,
010960,삼호개발,KOSPI,00128980
011000,진원생명과학,KOSPI,00118521
011040,경동제약,KOSDAQ,00101549
011070,LG이노텍,KOSPI,00105961
011080,형지I&C,KOSDAQ,00142713
011090,에넥스,KOSPI,00139764
011150,CJ씨푸드,KOSPI,00129013
011155,CJ씨푸드1우,KOSPI,
011170,롯데케미칼,KOSPI,00165413
011200,HMM,KOSPI,00164645
011210,현대위아,KOSPI,00106623
011230,삼화전자,KOSPI,00129280
011280,태림포장,KOSPI,00153524
011300,성안머티리얼스,KOSPI,00132868
011320,유니크,KOSDAQ,00147152
011330,유니켐,KOSPI,00137207
011370,서한,KOSDAQ,00131504
011390,부산산업,KOSPI,00124027
011420,갤럭시아에스엠,KOSPI,00129554
011500,한농화성,KOSPI,00160861
011560,세보엠이씨,KOSDAQ,00133876
011690,와이투솔루션,KOSPI,00144720
011700,한신기계,KOSPI,00162072
011760,현대코퍼레이션,KOSPI,00164812
011780,금호석유화학,KOSPI,00106368
011785,금호석유화학우,KOSPI,
011790,SKC,KOSPI,00139889
011810,STX,KOSPI,00138297
011930,신성이엔지,KOSPI,00136271
012030,DB,KOSPI,00163345
012160,영흥,KOSPI,00141477
012170,아센디오,KOSPI,00145437
012200,계양전기,KOSPI,00102618
012205,계양전기우,KOSPI,
012210,삼미금속,KONEX,00125664
012280,영화금속,KOSPI,00141413
012320,경동인베스트,KOSPI,00143527
012330,현대모비스,KOSPI,00164788
012340,뉴인텍,KOSDAQ,00105040
012450,한화에어로스페이스,KOSPI,00126566
012510,더존비즈온,KOSPI,00172291
012610,경인양행,KOSPI,00102113
012620,원일특강,KOSDAQ,00143907
012630,HDC,KOSPI,00164636
012690,모나리자,KOSPI,00173102
012700,리드코프,KOSDAQ,00117708
012750,에스원,KOSPI,00158501
012790,신일제약,KOSDAQ,00137058
012800,대창,KOSPI,00112651
012860,모베이스전자,KOSDAQ,00137234
013000,세우글로벌,KOSPI,00134176
013030,하이록코리아,KOSDAQ,00165060
013120,동원개발,KOSDAQ,00117966
013310,아진산업,KOSDAQ,00139083
013360,일성건설,KOSPI,00146232
013520,화승코퍼레이션,KOSPI,00166272
013570,디와이,KOSPI,00117179
013580,계룡건설,KOSPI,00102432
013700,까뮤이앤씨,KOSPI,00129420
013720,CBI,KOSDAQ,00151605
013810,스페코,KOSDAQ,00136165
013870,지엠비코리아,KOSPI,00156354
013890,지누스,KOSPI,00150633
013990,아가방컴퍼니,KOSDAQ,00138446
014100,메디앙스,KOSDAQ,00267854
014130,한익스프레스,KOSPI,00129509
014160,대영포장,KOSPI,00111458
014190,원익큐브,KOSDAQ,00128175
014200,광림,KOSDAQ,00103635
014280,금강공업,KOSPI,00105299
014285,금강공업우,KOSPI,
014440,영보화학,KOSPI,00140779
014470,부방,KOSDAQ,00243067
014530,극동유화,KOSPI,00105156
014570,고려제약,KOSDAQ,00103015
014580,태경비케이,KOSPI,00122481
014620,성광벤드,KOSDAQ,00132318
014680,한솔케미칼,KOSPI,00140955
014710,사조씨푸드,KOSPI,00124780
014790,HL D&I,KOSPI,00161116
014820,동원시스템즈,KOSPI,00132637
014825,동원시스템즈우,KOSPI,
014830,유니드,KOSPI,00159786
014910,성문전자,KOSPI,00132628
014915,성문전자우,KOSPI,
014940,오리엔탈정공,KOSDAQ,00141608
014970,삼륭물산,KOSDAQ,00125488
014990,인디에프,KOSPI,00106881
015020,이스타코,KOSPI,00134565
015230,대창단조,KOSPI,00112679
015260,에이엔피,KOSPI,00143314
015360,INVENI,KOSPI,00105101
015590,DKME,KOSPI,00108746
015710,코콤,KOSDAQ,00187725
015750,성우하이텍,KOSDAQ,00132992
015760,한국전력,KOSPI,00159193
015860,일진홀딩스,KOSPI,00146649
015890,태경산업,KOSPI,00153339
016090,대현,KOSPI,00113614
016100,리더스코스메틱,KOSDAQ,00180263
016250,SGC E&C,KOSDAQ,00141246
016360,삼성증권,KOSPI,00104856
016380,KG스틸,KOSPI,00115676
016450,한세예스24홀딩스,KOSPI,00161976
016580,환인제약,KOSPI,00166573
016590,신대양제지,KOSPI,00135777
016600,큐캐피탈,KOSDAQ,00267942
016610,DB증권,KOSPI,00115694
016670,디모아,KOSDAQ,00125725
016710,대성홀딩스,KOSPI,00108940
016740,두올,KOSPI,00119672
016790,현대사료,KOSDAQ,00164618
016800,퍼시스,KOSPI,00161709
016880,웅진,KOSPI,00143651
016920,카스,KOSDAQ,00152260
017000,신원종합개발,KOSDAQ,00136925
017040,광명전기,KOSPI,00103662
017180,명문제약,KOSPI,00121039
017250,인터엠,KOSDAQ,00145914
017370,우신시스템,KOSPI,00142883
017390,서울가스,KOSPI,00130684
017480,삼현철강,KOSDAQ,00128926
017510,세명전기,KOSDAQ,00133751
017550,수산세보틱스,KOSPI,00135111
017650,대림제지,KOSDAQ,00109781
017670,SK텔레콤,KOSPI,00159023
017800,현대엘리베이터,KOSPI,00164724
017810,풀무원,KOSPI,00155355
017860,DS단석,KOSPI,00108612
017890,한국알콜,KOSDAQ,00158565
017900,광전자,KOSPI,00152729
017940,E1,KOSPI,00165583
017960,한국카본,KOSPI,00159795
018000,유니슨,KOSDAQ,00144243
018120,진로발효,KOSDAQ,00170877
018250,애경산업,KOSPI,00139454
018260,삼성에스디에스,KOSPI,00126186
018290,브이티,KOSDAQ,00150165
018310,삼목에스폼,KOSDAQ,00125646
018470,조일알미늄,KOSPI,00149239
018500,동원금속,KOSPI,00118008
018620,우진비앤지,KOSDAQ,00103547
018670,SK가스,KOSPI,00144164
018680,서울제약,KOSDAQ,00131018
018700,바른손,KOSDAQ,00122205
018880,한온시스템,KOSPI,00161125
019010,베뉴지,KOSDAQ,00267906
019170,신풍제약,KOSPI,00137359
019175,신풍제약우,KOSPI,
019180,티에이치엔,KOSPI,00118965
019210,와이지-원,KOSDAQ,00139719
019440,세아특수강,KOSPI,00133991
019490,엑시큐어하이트론,KOSPI,00156150
019540,일지테크,KOSDAQ,00146560
019550,SBI인베스트먼트,KOSDAQ,00156910
019570,플루토스,KOSDAQ,00110750
019590,에스유앤피,KOSDAQ,00136642
019660,글로본,KOSDAQ,00159731
019680,대교,KOSPI,00108913
019685,대교우B,KOSPI,
019770,서연탑메탈,KOSDAQ,00153278
019990,에너토크,KOSDAQ,00169215
020000,한섬,KOSPI,00188089
020120,키다리스튜디오,KOSPI,00140131
020150,롯데에너지머티리얼즈,KOSPI,00113997
020180,대신정보통신,KOSDAQ,00110875
020400,대동금속,KOSDAQ,00191287
020560,아시아나항공,KOSPI,00138792
020710,시공테크,KOSDAQ,00170026
020760,일진디스플,KOSPI,00198697
021040,대호특수강,KOSDAQ,00166175
021045,대호특수강우,KOSDAQ,
021050,서원,KOSPI,00131197
021080,에이티넘인베스트,KOSDAQ,00161462
021240,코웨이,KOSPI,00170558
021320,KCC건설,KOSDAQ,00105466
021650,한국큐빅,KOSDAQ,00160010
021820,세원정공,KOSPI,00134316
021880,메이슨캐피탈,KOSDAQ,00136101
022100,포스코DX,KOSPI,00155212
022220,TKG애강,KOSDAQ,00140061
023000,삼원강재,KOSPI,00191588
023150,MH에탄올,KOSPI,00121534
023160,태광,KOSDAQ,00153375
023350,한국종합기술,KOSPI,00159500
023410,유진기업,KOSDAQ,00184667
023440,제이스코홀딩스,KOSDAQ,00148531
023450,동남합성,KOSPI,00115065
023460,CNH,KOSDAQ,00149266
023530,롯데쇼핑,KOSPI,00120526
023590,다우기술,KOSPI,00176914
023600,삼보판지,KOSDAQ,00125938
023760,한국캐피탈,KOSDAQ,00149594
023770,플레이위드,KOSDAQ,00138367
023790,동일스틸럭스,KOSDAQ,00172945
023800,인지컨트롤스,KOSPI,00103510
023810,인팩,KOSPI,00180795
023900,풍국주정,KOSDAQ,00155452
023910,대한약품,KOSDAQ,00113128
023960,에쓰씨엔지니어링,KOSPI,00121969
024060,흥구석유,KOSDAQ,00167004
024070,WISCOM,KOSPI,00142865
024090,디씨엠,KOSPI,00177199
024110,기업은행,KOSPI,00149646
024120,KB오토시스,KOSDAQ,00157539
024720,콜마홀딩스,KOSPI,00203290
024740,한일단조,KOSDAQ,00162832
024800,유성티엔에스,KOSDAQ,00173999
024810,이화전기,KOSDAQ,00145738
024830,세원물산,KOSDAQ,00173591
024840,KBI메탈,KOSDAQ,00158024
024850,HLB이노베이션,KOSDAQ,00155586
024880,케이피에프,KOSDAQ,00157636
024890,대원화성,KOSPI,00112022
024900,디와이덕양,KOSPI,00114154
024910,경창산업,KOSDAQ,00102353
024940,PN풍년,KOSDAQ,00133557
024950,삼천리자전거,KOSDAQ,00128607
025000,KPX케미칼,KOSPI,00191472
025320,시노펙스,KOSDAQ,00203023
025440,DH오토웨어,KOSDAQ,00110583
025530,SJM홀딩스,KOSPI,00181943
025540,한국단자,KOSPI,00157070
025550,한국선재,KOSDAQ,00158015
025560,미래산업,KOSPI,00197759
025620,제이준코스메틱,KOSPI,00136776
025750,한솔홈데코,KOSPI,00203582
025770,한국정보통신,KOSDAQ,00159342
025820,이구산업,KOSPI,00145464
025860,남해화학,KOSPI,00107987
025870,신라에스지,KOSDAQ,00136004
025880,케이씨피드,KOSDAQ,00101752
025890,한국주강,KOSPI,00159564
025900,동화기업,KOSDAQ,00173032
025950,동신건설,KOSDAQ,00116408
025980,아난티,KOSDAQ,00161781
026040,제이에스티나,KOSDAQ,00120289
026150,특수건설,KOSDAQ,00186939
026890,스틱인베스트먼트,KOSPI,00117498
026910,광진실업,KOSDAQ,00104120
026940,부국철강,KOSPI,00123781
026960,동서,KOSPI,00144395
027040,서울전자통신,KOSDAQ,00130587
027050,코리아나,KOSDAQ,00152589
027360,아주IB투자,KOSDAQ,00156895
027410,BGF,KOSPI,00219097
027580,상보,KOSDAQ,00129615
027710,팜스토리,KOSDAQ,00192499
027740,마니커,KOSPI,00204208
027830,대성창투,KOSDAQ,00109037
027970,한국제지,KOSPI,00133706
028050,삼성E&A,KOSPI,00126308
028080,휴맥스홀딩스,KOSDAQ,00219440
028100,동아지질,KOSPI,00178754
028260,삼성물산,KOSPI,00149655
02826K,삼성물산우B,KOSPI,
028300,HLB,KOSDAQ,00199252
028670,팬오션,KOSPI,00122737
029460,케이씨,KOSPI,00209780
029480,광무,KOSDAQ,00186452
029530,신도리코,KOSPI,00135795
029780,삼성카드,KOSPI,00126292
029960,코엔텍,KOSDAQ,00197476
030000,제일기획,KOSPI,00148276
030190,NICE평가정보,KOSPI,00158325
030200,KT,KOSPI,00190321
030210,다올투자증권,KOSPI,00156859
030350,드래곤플라이,KOSDAQ,00230036
030520,한글과컴퓨터,KOSDAQ,00204262
030530,원익홀딩스,KOSDAQ,00216647
030610,교보증권,KOSPI,00113359
030720,동원수산,KOSPI,00118044
030960,양지사,KOSDAQ,00139685
031210,서울보증보험,KOSPI,00112998
031310,아이즈비전,KOSDAQ,00200910
031330,에스에이엠티,KOSDAQ,00128661
031430,신세계인터내셔날,KOSPI,00234412
031440,신세계푸드,KOSPI,00274933
031510,오스템,KOSDAQ,00175173
031820,아이티센씨티에스,KOSPI,00186559
031860,디에이치엑스컴퍼니,KOSDAQ,00180865
031980,피에스케이홀딩스,KOSDAQ,00208444
032080,아즈텍WB,KOSDAQ,00201131
032190,다우데이타,KOSDAQ,00238782
032280,삼일,KOSDAQ,00127909
032300,한국파마,KOSDAQ,00187770
032350,롯데관광개발,KOSPI,00231372
032500,케이엠더블유,KOSDAQ,00226352
032540,TJ미디어,KOSDAQ,00201733
032560,황금에스티,KOSPI,00218575
032580,피델릭스,KOSDAQ,00189538
032620,유비케어,KOSDAQ,00220057
032640,LG유플러스,KOSPI,00231363
032680,소프트센,KOSDAQ,00204226
032685,소프트센우,KOSDAQ,
032750,삼진,KOSDAQ,00173351
032790,엠젠솔루션,KOSDAQ,00110884
032800,판타지오,KOSDAQ,00231691
032820,우리기술,KOSDAQ,00231044
032830,삼성생명,KOSPI,00126256
032850,비트컴퓨터,KOSDAQ,00231707
032860,더라미,KOSDAQ,00205687
032940,원익,KOSDAQ,00210980
032960,동일기연,KOSDAQ,00199076
032980,바이온,KOSDAQ,00232089
033050,제이엠아이,KOSDAQ,00222435
033100,제룡전기,KOSDAQ,00185356
033130,디지틀조선,KOSDAQ,00231442
033160,엠케이전자,KOSDAQ,00121686
033170,시그네틱스,KOSDAQ,00158219
033180,KH 필룩스,KOSPI,00193009
033200,모아텍,KOSDAQ,00241209
033230,인성정보,KOSDAQ,00229021
033240,자화전자,KOSPI,00146861
033250,체시스,KOSPI,00125576
033270,유나이티드제약,KOSPI,00158963
033290,코웰패션,KOSDAQ,00155948
033310,엠투엔,KOSDAQ,00143226
033320,제이씨현시스템,KOSDAQ,00223513
033340,좋은사람들,KOSDAQ,00205003
033500,동성화인텍,KOSDAQ,00231105
033530,SJG세종,KOSPI,00134510
033540,파라텍,KOSDAQ,00105138
033560,블루콤,KOSDAQ,00238001
033640,네패스,KOSDAQ,00227333
033780,KT&G,KOSPI,00244455
033790,피노,KOSDAQ,00276083
033830,티비씨,KOSDAQ,00204642
033920,무학,KOSPI,00121543
034020,두산에너빌리티,KOSPI,00159616
034120,SBS,KOSPI,00130772
034220,LG디스플레이,KOSPI,00105873
034230,파라다이스,KOSPI,00171265
034310,NICE,KOSPI,00158316
034590,인천도시가스,KOSPI,00145862
034730,SK,KOSPI,00181712
03473K,SK우,KOSPI,
034810,해성산업,KOSDAQ,00219361
03481K,해성산업1우,KOSDAQ,
034830,한국토지신탁,KOSPI,00233653
034940,조아제약,KOSDAQ,00231831
034950,한국기업평가,KOSDAQ,00156956
035000,HS애드,KOSPI,00140168
035080,그래디언트,KOSDAQ,00244561
035150,백산,KOSPI,00122551
035200,프럼파스트,KOSDAQ,00356389
035250,강원랜드,KOSPI,00255619
035290,골드앤에스,KOSDAQ,00249502
035420,NAVER,KOSPI,00266961
035460,기산텔레콤,KOSDAQ,00258421
035510,신세계 I&C,KOSPI,00219486
035600,KG이니시스,KOSDAQ,00264547
035610,솔본,KOSDAQ,00249982
035620,바른손이앤에이,KOSDAQ,00259590
035720,카카오,KOSPI,00258801
035760,CJ ENM,KOSDAQ,00265324
035810,이지홀딩스,KOSDAQ,00242378
035890,서희건설,KOSDAQ,00219848
035900,JYP Ent.,KOSDAQ,00258689
036000,예림당,KOSDAQ,00259934
036010,아비코전자,KOSDAQ,00138598
036030,케이티알파,KOSDAQ,00260958
036090,위지트,KOSDAQ,00258360
036120,서울평가정보,KOSDAQ,00260745
036170,에이치엠넥스,KOSDAQ,00232821
036180,지더블유바이텍,KOSDAQ,00257149
036190,금화피에스시,KOSDAQ,00176516
036200,유니셈,KOSDAQ,00260569
036220,오상헬스케어,KOSDAQ,00260657
036420,콘텐트리중앙,KOSPI,00203315
036460,한국가스공사,KOSPI,00261285
036480,대성미생물,KOSDAQ,00177320
036530,SNT홀딩스,KOSPI,00225159
036540,SFA반도체,KOSDAQ,00301246
036560,KZ정밀,KOSDAQ,00141389
036570,엔씨소프트,KOSPI,00261443
036580,팜스코,KOSPI,00260408
036620,감성코퍼레이션,KOSDAQ,00261009
036630,세종텔레콤,KOSDAQ,00268002
036640,HRS,KOSDAQ,00230911
036670,삼양케이씨아이,KOSDAQ,00265041
036690,코맥스,KOSDAQ,00268118
036710,심텍홀딩스,KOSDAQ,00152127
036800,나이스정보통신,KOSDAQ,00264945
036810,에프에스티,KOSDAQ,00223434
036830,솔브레인홀딩스,KOSDAQ,00247975
036890,진성티이씨,KOSDAQ,00174208
036930,주성엔지니어링,KOSDAQ,00252135
037030,파워넷,KOSDAQ,00231354
037070,파세코,KOSDAQ,00238153
037230,한국팩키지,KOSDAQ,00198192
037270,YG PLUS,KOSPI,00249247
037330,인지디스플레,KOSDAQ,00265421
037350,성도이엔지,KOSDAQ,00216498
037370,EG,KOSDAQ,00261054
037400,우리엔터프라이즈,KOSDAQ,00155692
037440,희림,KOSDAQ,00236863
037460,삼지전자,KOSDAQ,00128315
037560,LG헬로비전,KOSPI,00222532
037710,광주신세계,KOSPI,00220561
037760,쎄니트,KOSDAQ,00239596
037950,엘컴텍,KOSDAQ,00242712
038010,제일테크노스,KOSDAQ,00148595
038060,루멘스,KOSDAQ,00406329
038070,서린바이오,KOSDAQ,00373447
038110,에코플라스틱,KOSDAQ,00139153
038290,마크로젠,KOSDAQ,00261373
038390,레드캡투어,KOSDAQ,00261355
038460,바이오스마트,KOSDAQ,00240857
038500,삼표시멘트,KOSDAQ,00239639
038530,케이바이오,KOSDAQ,00255105
038540,상상인,KOSDAQ,00306162
038620,위즈코프,KOSDAQ,00264228
038680,에스넷,KOSDAQ,00264635
038870,에코바이오,KOSDAQ,00287812
038880,아이에이,KOSDAQ,00252269
038950,파인디지털,KOSDAQ,00264732
039010,현대에이치티,KOSDAQ,00255044
039020,이건홀딩스,KOSDAQ,00184889
039030,이오테크닉스,KOSDAQ,00246417
039130,하나투어,KOSPI,00269940
039200,오스코텍,KOSDAQ,00263654
039240,경남스틸,KOSDAQ,00206039
039290,인포뱅크,KOSDAQ,00243757
039310,세중,KOSDAQ,00264671
039340,한국경제TV,KOSDAQ,00263371
039420,케이엘넷,KOSDAQ,00246620
039440,에스티아이,KOSDAQ,00298340
039490,키움증권,KOSPI,00296290
039560,다산네트웍스,KOSDAQ,00268251
039570,HDC랩스,KOSPI,00350312
039610,화성밸브,KOSDAQ,00217743
039740,한국정보공학,KOSDAQ,00261957
039830,오로라,KOSDAQ,00141556
039840,디오,KOSDAQ,00115931
039860,나노엔텍,KOSDAQ,00230425
039980,폴라리스AI,KOSDAQ,00369213
040160,누리플렉스,KOSDAQ,00269889
040300,YTN,KOSDAQ,00200275
040350,크레오에스지,KOSDAQ,00346407
040420,정상제이엘에스,KOSDAQ,00287788
040610,SG&G,KOSDAQ,00264714
040910,아이씨디,KOSDAQ,00298377
041020,폴라리스오피스,KOSDAQ,00269852
041190,우리기술투자,KOSDAQ,00231664
041440,현대에버다임,KOSDAQ,00228536
041460,한국전자인증,KOSDAQ,00361169
041510,에스엠,KOSDAQ,00260930
041520,이엘씨,KOSDAQ,00137289
041590,플래스크,KOSDAQ,00297448
041650,상신브레이크,KOSPI,00129642
041830,인바디,KOSDAQ,00269922
041910,폴라리스AI파마,KOSDAQ,00463342
041920,메디아나,KOSDAQ,00273439
041930,동아화성,KOSDAQ,00199988
041960,코미팜,KOSDAQ,00187415
042000,카페24,KOSDAQ,00260879
042040,케이피엠테크,KOSDAQ,00206686
042110,에스씨디,KOSDAQ,00171867
042370,비츠로테크,KOSDAQ,00103644
042420,네오위즈홀딩스,KOSDAQ,00266952
042500,링네트,KOSDAQ,00352499
042510,라온시큐어,KOSDAQ,00255433
042520,한스바이오메드,KOSDAQ,00349060
042600,새로닉스,KOSDAQ,00147994
042660,한화오션,KOSPI,00111704
042670,HD현대인프라코어,KOSPI,00344287
042700,한미반도체,KOSPI,00161383
042940,상지건설,KOSDAQ,00232007
043090,더테크놀로지,KOSDAQ,00351454
043100,알파녹스,KOSDAQ,00220109
043150,바텍,KOSDAQ,00264255
043200,파루,KOSDAQ,00266934
043220,티에스넥스젠,KOSDAQ,00317487
043260,성호전자,KOSDAQ,00317210
043340,에쎈테크,KOSDAQ,00203209
043360,디지아이,KOSDAQ,00295547
043370,피에이치에이,KOSDAQ,00155151
043590,웰킵스하이텍,KOSDAQ,00260611
043610,KT지니뮤직,KOSDAQ,00223762
043650,국순당,KOSDAQ,00256715
043710,서울리거,KOSDAQ,00305570
043910,자연과환경,KOSDAQ,00418379
044060,조광ILI,KOSDAQ,00291860
044180,KD,KOSDAQ,00111218
044340,위닉스,KOSDAQ,00293886
044380,주연테크,KOSPI,00269241
044450,KSS해운,KOSPI,00160232
044480,빌리언스,KOSDAQ,00173449
044490,태웅,KOSDAQ,00186799
044780,에이치케이,KOSDAQ,00235183
044820,코스맥스비티아이,KOSPI,00219574
044960,이글벳,KOSDAQ,00145473
044990,에이치엔에스하이텍,KOSDAQ,00311216
045060,오공,KOSDAQ,00220969
045100,한양이엔지,KOSDAQ,00216762
045300,성우테크론,KOSDAQ,00350482
045340,토탈소프트,KOSDAQ,00355089
045390,대아티아이,KOSDAQ,00318316
045510,정원엔시스,KOSDAQ,00147772
045520,크린앤사이언스,KOSDAQ,00185222
045660,에이텍,KOSDAQ,00256502
045970,코아시아,KOSDAQ,00271501
046070,코다코,KOSDAQ,00295857
046120,오르비텍,KOSDAQ,00297989
046210,HLB파나진,KOSDAQ,00172079
046310,백금T&A,KOSDAQ,00360036
046390,삼화네트웍스,KOSDAQ,00301112
046440,KG모빌리언스,KOSDAQ,00405278
046890,서울반도체,KOSDAQ,00130763
046940,우원개발,KOSDAQ,00363246
046970,우리로,KOSDAQ,00296005
047040,대우건설,KOSPI,00124540
047050,포스코인터내셔널,KOSPI,00124504
047080,한빛소프트,KOSDAQ,00348292
047310,파워로직스,KOSDAQ,00269612
047400,유니온머티리얼,KOSPI,00369833
047560,이스트소프트,KOSDAQ,00273420
047770,코데즈컴바인,KOSDAQ,00329093
047810,한국항공우주,KOSPI,00309503
047820,초록뱀미디어,KOSDAQ,00299464
047920,HLB제약,KOSDAQ,00336817
048410,현대바이오,KOSDAQ,00313649
048430,유라테크,KOSDAQ,00201742
048470,대동스틸,KOSDAQ,00109268
048530,인트론바이오,KOSDAQ,00292434
048550,SM C&C,KOSDAQ,00185046
048770,TPC,KOSDAQ,00108649
048830,엔피케이,KOSDAQ,00108490
048870,시너지이노베이션,KOSDAQ,00475985
048910,대원미디어,KOSDAQ,00351807
049070,인탑스,KOSDAQ,00226866
049080,기가레인,KOSDAQ,00377018
049120,파인디앤씨,KOSDAQ,00350020
049180,셀루메드,KOSDAQ,00310156
049430,코메론,KOSDAQ,00152783
049470,SGA,KOSDAQ,00351579
049480,오픈베이스,KOSDAQ,00335076
049520,유아이엘,KOSDAQ,00256380
049550,잉크테크,KOSDAQ,00261656
049630,재영솔루텍,KOSDAQ,00147082
049720,고려신용정보,KOSDAQ,00336297
049770,동원F&B,KOSPI,00340917
049800,우진플라임,KOSPI,00303217
049830,승일,KOSDAQ,00135467
049950,미래컴퍼니,KOSDAQ,00447760
049960,쎌바이오텍,KOSDAQ,00357430
050090,비케이홀딩스,KOSDAQ,00369569
050110,캠시스,KOSDAQ,00330044
050120,ES큐브,KOSDAQ,00175623
050760,에스폴리텍,KOSDAQ,00340272
050860,아세아텍,KOSDAQ,00138747
050890,쏠리드,KOSDAQ,00364403
050960,수산아이앤티,KOSDAQ,00577016
051160,지어소프트,KOSDAQ,00389110
051360,토비스,KOSDAQ,00390365
051370,인터플렉스,KOSDAQ,00369170
051380,피씨디렉트,KOSDAQ,00297934
051390,YW,KOSDAQ,00296263
051490,나라엠앤디,KOSDAQ,00297095
051500,CJ프레시웨이,KOSDAQ,00127954
051600,한전KPS,KOSPI,00159218
051630,진양화학,KOSPI,00347734
051780,큐로홀딩스,KOSDAQ,00296324
051900,LG생활건강,KOSPI,00356370
051905,LG생활건강우,KOSPI,
051910,LG화학,KOSPI,00356361
051915,LG화학우,KOSPI,
051980,중앙첨단소재,KOSDAQ,00347716
052020,에스티큐브,KOSDAQ,00273110
052220,iMBC,KOSDAQ,00370006
052260,현대바이오랜드,KOSDAQ,00347062
052300,오션인더블유,KOSDAQ,00349811
052330,코텍,KOSDAQ,00305297
052400,코나아이,KOSDAQ,00349732
052420,오성첨단소재,KOSDAQ,00350048
052460,아이크래프트,KOSDAQ,00405719
052600,한네트,KOSDAQ,00244783
052670,제일바이오,KOSDAQ,00185505
052690,한전기술,KOSPI,00159209
052710,아모텍,KOSDAQ,00298447
052770,아이톡시,KOSDAQ,00346911
052790,액토즈소프트,KOSDAQ,00348034
052860,아이앤씨,KOSDAQ,00365758
052900,KX하이텍,KOSDAQ,00276834
052960,태양3C,KONEX,00302236
053030,바이넥스,KOSDAQ,00216027
053050,지에스이,KOSDAQ,00351995
053060,세동,KOSDAQ,00133663
053080,케이엔솔,KOSDAQ,00304076
053160,프리엠스,KOSDAQ,00352064
053210,스카이라이프,KOSPI,00349097
053260,금강철강,KOSDAQ,00105475
053270,구영테크,KOSDAQ,00202060
053280,예스24,KOSDAQ,00362858
053290,NE능률,KOSDAQ,00363927
053300,한국정보인증,KOSDAQ,00306454
053350,이니텍,KOSDAQ,00353610
053450,세코닉스,KOSDAQ,00351630
053580,웹케시,KOSDAQ,00323868
053610,프로텍,KOSDAQ,00325112
053620,태양,KOSDAQ,00186717
053690,한미글로벌,KOSPI,00413523
053700,삼보모터스,KOSDAQ,00351092
053800,안랩,KOSDAQ,00298270
053950,경남제약,KOSDAQ,00307028
053980,오상자이엘,KOSDAQ,00226547
054040,한국컴퓨터,KOSDAQ,00303396
054050,농우바이오,KOSDAQ,00176835
054090,삼진엘앤디,KOSDAQ,00239514
054180,메디콕스,KOSDAQ,00356839
054210,이랜텍,KOSDAQ,00206659
054220,비츠로시스,KOSDAQ,00201432
054300,팬스타엔터프라이즈,KOSDAQ,00339072
054410,케이피티유,KOSDAQ,00357607
054450,텔레칩스,KOSDAQ,00423177
054540,삼영엠텍,KOSDAQ,00250614
054620,APS,KOSDAQ,00296078
054630,에이디칩스,KOSDAQ,00356927
054670,대한뉴팜,KOSDAQ,00207375
054780,키이스트,KOSDAQ,00353762
054800,아이디스홀딩스,KOSDAQ,00359580
054920,한컴위드,KOSDAQ,00363592
054930,유신,KOSDAQ,00144650
054940,엑사이엔씨,KOSDAQ,00360577
054950,제이브이엠,KOSDAQ,00361381
055490,테이팩스,KOSPI,00256955
055550,신한지주,KOSPI,00382199
056080,유진로봇,KOSDAQ,00234227
056090,시지메드텍,KOSDAQ,00346610
056190,에스에프에이,KOSDAQ,00358271
056360,코위버,KOSDAQ,00360674
056700,신화인터텍,KOSDAQ,00228350
056730,CNT85,KOSDAQ,00318662
057030,YBM넷,KOSDAQ,00307222
057050,현대홈쇼핑,KOSPI,00412597
057540,옴니시스템,KOSDAQ,00265005
057680,티사이언티픽,KOSDAQ,00372688
057880,푸른소나무,KOSDAQ,00410739
058110,멕아이씨에스,KOSDAQ,00270113
058400,KNN,KOSDAQ,00208134
058430,포스코스틸리온,KOSPI,00155258
058450,한주에이알티,KOSDAQ,00146427
058470,리노공업,KOSDAQ,00369657
058610,에스피지,KOSDAQ,00220686
058630,엠게임,KOSDAQ,00397058
058650,세아홀딩스,KOSPI,00377610
058730,다스코,KOSPI,00353878
058820,CMG제약,KOSDAQ,00380429
058850,KTcs,KOSPI,00372882
058860,KTis,KOSPI,00372873
058970,엠로,KOSDAQ,00396925
059090,미코,KOSDAQ,00366942
059100,아이컴포넌트,KOSDAQ,00407285
059120,아진엑스텍,KOSDAQ,00404288
059210,메타바이오메드,KOSDAQ,00317681
059270,해성에어로보틱스,KOSDAQ,00453442
060150,인선이엔티,KOSDAQ,00375931
060230,소니드,KOSDAQ,00363510
060240,스타코링크,KOSDAQ,00373571
060250,NHN KCP,KOSDAQ,00357740
060260,뉴보텍,KOSDAQ,00351375
060280,큐렉소,KOSDAQ,00356802
060310,3S,KOSDAQ,00378363
060370,LS마린솔루션,KOSDAQ,00225742
060380,동양에스텍,KOSDAQ,00178851
060480,국일신동,KOSDAQ,00203847
060540,에스에이티,KOSDAQ,00379229
060560,홈센타홀딩스,KOSDAQ,00288495
060570,드림어스컴퍼니,KOSDAQ,00364467
060590,씨티씨바이오,KOSDAQ,00362292
060720,KH바텍,KOSDAQ,00378628
060850,영림원소프트랩,KOSDAQ,00532129
060900,DGP,KOSDAQ,00367695
060980,HL홀딩스,KOSPI,00299002
061040,알에프텍,KOSDAQ,00309831
061250,화일약품,KOSDAQ,00188973
061970,LB세미콘,KOSDAQ,00412348
062040,산일전기,KOSPI,00366438
062970,한국첨단소재,KOSDAQ,00403766
063080,컴투스홀딩스,KOSDAQ,00535746
063160,종근당바이오,KOSPI,00390055
063170,서울옥션,KOSDAQ,00410915
063440,SM Life Design,KOSDAQ,00367604
063570,NICE인프라,KOSDAQ,00363769
063760,이엘피,KOSDAQ,00374020
064090,인크레더블버즈,KOSDAQ,00390408
064240,홈캐스트,KOSDAQ,00385336
064260,다날,KOSDAQ,00389970
064290,인텍플러스,KOSDAQ,00479787
064350,현대로템,KOSPI,00302926
064400,LG씨엔에스,KOSPI,00139834
064480,브리지텍,KOSDAQ,00359076
064520,테크엘,KOSDAQ,00370255
064550,바이오니아,KOSDAQ,00326731
064760,티씨케이,KOSDAQ,00245472
064800,포니링크,KOSDAQ,00392691
064820,케이프,KOSDAQ,00152437
064850,에프앤가이드,KOSDAQ,00331016
064960,SNT모티브,KOSPI,00398792
065060,지엔코,KOSDAQ,00258102
065130,탑엔지니어링,KOSDAQ,00366845
065150,대산F&B,KOSDAQ,00390860
065170,비엘팜텍,KOSDAQ,00384717
065350,신성델타테크,KOSDAQ,00136226
065370,위세아이텍,KOSDAQ,00374738
065420,에스아이리소스,KOSDAQ,00120906
065440,이루온,KOSDAQ,00390514
065450,빅텍,KOSDAQ,00385363
065500,오리엔트정공,KOSDAQ,00300405
065510,휴비츠,KOSDAQ,00398668
065530,와이어블,KOSDAQ,00250137
065570,삼영이엔씨,KOSDAQ,00288343
065650,하이퍼코퍼레이션,KOSDAQ,00391197
065660,안트로젠,KOSDAQ,00631837
065680,우주일렉트로,KOSDAQ,00390903
065690,파커스,KOSDAQ,00384762
065710,서호전기,KOSDAQ,00220622
065770,CS,KOSDAQ,00303703
065950,웰크론,KOSDAQ,00362159
066130,하츠,KOSDAQ,00221728
066310,큐에스아이,KOSDAQ,00411446
066360,체리부로,KOSDAQ,00216434
066410,버킷스튜디오,KOSDAQ,00378220
066430,와이오엠,KOSDAQ,00370200
066570,LG전자,KOSPI,00401731
066575,LG전자우,KOSPI,
066590,우수AMS,KOSDAQ,00301422
066620,국보디자인,KOSDAQ,00253985
066670,디티씨,KOSDAQ,00371740
066700,테라젠이텍스,KOSDAQ,00249894
066790,씨씨에스,KOSDAQ,00249441
066830,제노텍,KONEX,00393618
066900,디에이피,KOSDAQ,00303192
066910,손오공,KOSDAQ,00306870
066970,엘앤에프,KOSPI,00398701
066980,한성크린텍,KOSDAQ,00389998
067000,조이시티,KOSDAQ,00397252
067010,이씨에스,KOSDAQ,00400060
067080,대화제약,KOSDAQ,00210740
067160,SOOP,KOSDAQ,00399694
067170,오텍,KOSDAQ,00397289
067280,멀티캠퍼스,KOSDAQ,00425351
067290,JW신약,KOSDAQ,00110431
067310,하나마이크론,KOSDAQ,00445054
067370,선바이오,KOSDAQ,00407036
067390,아스트,KOSDAQ,00409681
067570,엔브이에이치코리아,KOSDAQ,00146436
067630,HLB생명과학,KOSDAQ,00365590
067730,로지시스,KOSDAQ,00238199
067770,세진티에스,KOSDAQ,00406727
067830,세이브존I&C,KOSPI,00422895
067900,와이엔텍,KOSDAQ,00190756
067920,이글루,KOSDAQ,00364847
067990,도이치모터스,KOSDAQ,00449379
068050,팬엔터테인먼트,KOSDAQ,00397191
068100,케이웨더,KOSDAQ,00426828
068240,다원시스,KOSDAQ,00523307
068270,셀트리온,KOSPI,00413046
068290,삼성출판사,KOSPI,00423690
068330,일신바이오,KOSDAQ,00385415
068760,셀트리온제약,KOSDAQ,00541349
068790,DMS,KOSDAQ,00361594
068930,디지털대성,KOSDAQ,00398808
068940,셀피글로벌,KOSDAQ,00308896
069080,웹젠,KOSDAQ,00405320
069140,누리플랜,KOSDAQ,00410997
069260,TKG휴켐스,KOSPI,00426086
069330,유아이디,KOSDAQ,00400121
069410,엔텔스,KOSDAQ,00415707
069460,대호에이엘,KOSPI,00428729
069510,에스텍,KOSDAQ,00306719
069540,빛과전자,KOSDAQ,00367482
069620,대웅제약,KOSPI,00427483
069640,한세엠케이,KOSPI,00357360
069730,DSR제강,KOSPI,00151298
069920,엑시온그룹,KOSDAQ,00426068
069960,현대백화점,KOSPI,00428251
070300,엑스큐어,KOSDAQ,00683007
070590,한솔인티큐브,KOSDAQ,00470829
070960,모나용평,KOSPI,00365989
071050,한국금융지주,KOSPI,00432102
071055,한국금융지주우,KOSPI,
071090,하이스틸,KOSPI,00435312
071200,인피니트헬스케어,KOSDAQ,00435969
071280,로체시스템즈,KOSDAQ,00363486
071320,지역난방공사,KOSPI,00159698
071460,위니아,KOSDAQ,00300557
071670,에이테크솔루션,KOSDAQ,00384887
071840,롯데하이마트,KOSPI,00158307
071850,캐스텍코리아,KOSDAQ,00302582
071950,코아스,KOSPI,00210856
071970,HD현대마린엔진,KOSPI,00406046
072020,중앙백신,KOSDAQ,00415327
072130,유엔젤,KOSPI,00416654
072470,우리산업홀딩스,KOSDAQ,00359623
072520,제넨바이오,KOSDAQ,00408956
072710,농심홀딩스,KOSPI,00459871
072770,율호,KOSDAQ,00583026
072870,메가스터디,KOSDAQ,00422284
072950,빛샘전자,KOSDAQ,00359261
072990,에이치시티,KOSDAQ,00527464
073010,케이에스피,KOSDAQ,00328191
073110,엘엠에스,KOSDAQ,00494218
073190,듀오백,KOSDAQ,00407771
073240,금호타이어,KOSPI,00481454
073490,이노와이어리스,KOSDAQ,00462121
073540,에프알텍,KOSDAQ,00442561
073560,우리손에프앤지,KOSDAQ,00413417
073570,리튬포어스,KOSDAQ,00440712
073640,테라사이언스,KOSDAQ,00373021
074430,아미노로직스,KOSDAQ,00466428
074600,원익QnC,KOSDAQ,00468374
074610,이엔플러스,KOSPI,00469799
075130,플랜티넷,KOSDAQ,00490179
075180,새론오토모티브,KOSPI,00305668
075580,세진중공업,KOSPI,00415628
075970,동국알앤에스,KOSDAQ,00472890
076080,웰크론한텍,KOSDAQ,00487546
076340,지에이이노더스,KONEX,00321204
076610,해성옵틱스,KOSDAQ,00483735
077360,덕산하이메탈,KOSDAQ,00471068
077500,유니퀘스트,KOSPI,00414601
077970,STX엔진,KOSPI,00480455
078000,텔코웨어,KOSPI,00361488
078020,LS증권,KOSDAQ,00330424
078070,유비쿼스홀딩스,KOSDAQ,00411385
078130,국일제지,KOSDAQ,00104573
078140,대봉엘에스,KOSDAQ,00442826
078150,HB테크놀러지,KOSDAQ,00255275
078160,메디포스트,KOSDAQ,00453929
078340,컴투스,KOSDAQ,00476498
078350,한양디지텍,KOSDAQ,00488989
078520,에이블씨엔씨,KOSPI,00400857
078590,휴림에이텍,KOSDAQ,00230814
078600,대주전자재료,KOSDAQ,00177816
078860,엔에스이엔엠,KOSDAQ,00543204
078890,가온그룹,KOSDAQ,00441304
078930,GS,KOSPI,00500254
078935,GS우,KOSPI,
079000,와토스코리아,KOSDAQ,00455875
079160,CJ CGV,KOSPI,00303873
079170,한창산업,KOSDAQ,00202839
079190,케스피온,KOSDAQ,00479705
079370,제우스,KOSDAQ,00442570
079430,현대리바트,KOSPI,00300548
079550,LIG넥스원,KOSPI,00503668
079650,서산,KOSDAQ,00130408
079810,디이엔티,KOSDAQ,00445160
079900,전진건설로봇,KOSPI,00372129
079940,가비아,KOSDAQ,00506294
079950,인베니아,KOSDAQ,00409371
079960,동양이엔피,KOSDAQ,00178790
079970,투비소프트,KOSDAQ,00596260
079980,휴비스,KOSPI,00362238
080010,이상네트웍스,KOSDAQ,00454399
080160,모두투어,KOSDAQ,00456218
080220,제주반도체,KOSDAQ,00447487
080420,모다이노칩,KOSDAQ,00480048
080470,성창오토텍,KOSDAQ,00486370
080520,오디텍,KOSDAQ,00529815
080530,코디,KOSDAQ,00308559
080580,오킨스전자,KOSDAQ,00543107
080720,한국유니온제약,KOSDAQ,00532855
081000,일진다이아,KOSPI,00508274
081150,티플랙스,KOSDAQ,00497631
081180,쎄크,KOSDAQ,00406222
081580,성우전자,KOSDAQ,00364306
081660,미스토홀딩스,KOSPI,00195229
082210,옵트론텍,KOSDAQ,00327396
082270,젬백스,KOSDAQ,00492894
082640,동양생명,KOSPI,00117267
082660,코스나인,KOSDAQ,00442455
082740,한화엔진,KOSPI,00361008
082800,비보존 제약,KOSDAQ,00533191
082850,우리바이오,KOSDAQ,00369107
082920,비츠로셀,KOSDAQ,00154718
083310,엘오티베큠,KOSDAQ,00484682
083420,그린케미칼,KOSPI,00454946
083450,GST,KOSDAQ,00540863
083470,이엠앤아이,KOSDAQ,00475718
083500,에프엔에스테크,KOSDAQ,00476036
083550,케이엠,KOSDAQ,00242934
083640,인콘,KOSDAQ,00475976
083650,비에이치아이,KOSDAQ,00409788
083660,CSA 코스믹,KOSDAQ,00406037
083790,CG인바이츠,KOSDAQ,00407814
083930,아바코,KOSDAQ,00442145
084010,대한제강,KOSPI,00113225
084110,휴온스글로벌,KOSDAQ,00228059
084180,수성웹툰,KOSDAQ,00243979
084370,유진테크,KOSDAQ,00531014
084440,유비온,KOSDAQ,00531078
084650,랩지노믹스,KOSDAQ,00545114
084670,동양고속,KOSPI,00540641
084680,이월드,KOSPI,00540605
084690,대상홀딩스,KOSPI,00539274
084695,대상홀딩스우,KOSPI,
084730,팅크웨어,KOSDAQ,00438036
084850,아이티엠반도체,KOSDAQ,00579980
084870,TBH글로벌,KOSPI,00409672
084990,헬릭스미스,KOSDAQ,00359395
085310,엔케이,KOSPI,00172228
085620,미래에셋생명,KOSPI,00112332
085660,차바이오텍,KOSDAQ,00525679
085670,뉴프렉스,KOSDAQ,00493510
085810,알티캐스트,KOSDAQ,00364254
085910,네오티스,KOSDAQ,00447928
086040,바이오톡스텍,KOSDAQ,00447502
086060,진바이오텍,KOSDAQ,00491053
086220,광동헬스바이오,KONEX,00523176
086280,현대글로비스,KOSPI,00360595
086390,유니테스트,KOSDAQ,00540447
086450,동국제약,KOSDAQ,00114808
086460,큐러블,KONEX,00548519
086520,에코프로,KOSDAQ,00536541
086670,비엠티,KOSDAQ,00524786
086710,선진뷰티사이언스,KOSDAQ,00132202
086790,하나금융지주,KOSPI,00547583
086820,바이오솔루션,KOSDAQ,00560982
086890,이수앱지스,KOSDAQ,00526872
086900,메디톡스,KOSDAQ,00580199
086960,MDS테크,KOSDAQ,00445841
086980,쇼박스,KOSDAQ,00303794
087010,펩트론,KOSDAQ,00415868
087260,모바일어플라이언스,KOSDAQ,00556615
087600,픽셀플러스,KOSDAQ,00495086
088130,동아엘텍,KOSDAQ,00489243
088260,이리츠코크렙,KOSPI,00544452
088280,쏘닉스,KOSDAQ,00561723
088290,이원컴포텍,KOSDAQ,00409140
088340,유라클,KOSDAQ,00407294
088350,한화생명,KOSPI,00113058
088390,이녹스,KOSDAQ,00494476
088790,진도,KOSPI,00557933
088800,에이스테크,KOSDAQ,00556907
088910,동우팜투테이블,KOSDAQ,00228712
088980,맥쿼리인프라,KOSPI,00435297
089010,켐트로닉스,KOSDAQ,00371485
089030,테크윙,KOSDAQ,00535676
089140,넥스턴바이오,KOSDAQ,00416414
089150,케이씨티,KOSDAQ,00441447
089230,THE E&M,KOSDAQ,00519252
089470,HDC현대EP,KOSPI,00357935
089590,제주항공,KOSPI,00555874
089600,KT나스미디어,KOSDAQ,00486097
089790,제이티,KOSDAQ,00365457
089850,유비벨록스,KOSDAQ,00592653
089860,롯데렌탈,KOSPI,00545716
089890,코세스,KOSDAQ,00365934
089970,브이엠,KOSDAQ,00544577
089980,상아프론테크,KOSDAQ,00181299
090080,평화산업,KOSPI,00573579
090150,아이윈,KOSDAQ,00365624
090350,노루페인트,KOSPI,00583442
090355,노루페인트우,KOSPI,
090360,로보스타,KOSDAQ,00536523
090370,메타랩스,KOSPI,00442835
090410,덕신이피씨,KOSDAQ,00454937
090430,아모레퍼시픽,KOSPI,00583424
090435,아모레퍼시픽우,KOSPI,
090460,비에이치,KOSPI,00447609
090470,제이스텍,KOSDAQ,00493185
090710,휴림로봇,KOSDAQ,00540429
090850,현대이지웰,KOSDAQ,00656951
091090,세원이앤씨,KOSPI,00585219
091120,이엠텍,KOSDAQ,00541163
091340,S&K폴리텍,KOSDAQ,00580667
091440,한울소재과학,KOSDAQ,00560122
091580,상신이디피,KOSDAQ,00480783
091590,남화토건,KOSDAQ,00108001
091700,파트론,KOSDAQ,00490151
091810,티웨이항공,KOSPI,00671376
091970,나노캠텍,KOSDAQ,00542074
092040,아미코젠,KOSDAQ,00545734
092070,디엔에프,KOSDAQ,00569691
092130,이크레더블,KOSDAQ,00634728
092190,서울바이오시스,KOSDAQ,00488402
092200,디아이씨,KOSPI,00112165
092220,KEC,KOSPI,00589127
092230,KPX홀딩스,KOSPI,00587466
092300,현우산업,KOSDAQ,00367455
092440,기신정기,KOSPI,00106614
092460,한라IMS,KOSDAQ,00528515
092590,럭스피아,KONEX,00578325
092600,앤씨앤,KOSDAQ,00537337
092730,네오팜,KOSDAQ,00551920
092780,DYP,KOSPI,00117726
092790,넥스틸,KOSPI,00220613
092870,엑시콘,KOSDAQ,00611736
093050,LF,KOSPI,00593032
093190,빅솔론,KOSDAQ,00478900
093230,이아이디,KOSPI,00480950
093240,형지엘리트,KOSPI,00441243
093320,케이아이엔엑스,KOSDAQ,00603348
093370,후성,KOSPI,00595191
093380,풍강,KOSDAQ,00155373
093510,엔지브이아이,KONEX,00521433
093520,매커스,KOSDAQ,00596677
093640,케이알엠,KOSDAQ,00536888
093920,서원인텍,KOSDAQ,00445799
094170,동운아나텍,KOSDAQ,00695969
094280,효성ITX,KOSPI,00414850
094360,칩스앤미디어,KOSDAQ,00579971
094480,갤럭시아머니트리,KOSDAQ,00587457
094800,맵스리얼티1,KOSPI,00600013
094820,일진파워,KOSDAQ,00485177
094840,슈프리마에이치큐,KOSDAQ,00599957
094850,참좋은여행,KOSDAQ,00606770
094860,네오리진,KOSDAQ,00599106
094940,푸른기술,KOSDAQ,00537832
094970,제이엠티,KOSDAQ,00533508
095190,이엠코리아,KOSDAQ,00526951
095270,웨이브일렉트로,KOSDAQ,00526696
095340,ISC,KOSDAQ,00572905
095500,미래나노텍,KOSDAQ,00526836
095570,AJ네트웍스,KOSPI,00365387
095610,테스,KOSDAQ,00524421
095660,네오위즈,KOSDAQ,00628860
095700,제넥신,KOSDAQ,00545929
095720,웅진씽크빅,KOSPI,00628189
095910,에스에너지,KOSDAQ,00585538
096040,이트론,KOSDAQ,00480756
096240,크레버스,KOSDAQ,00525882
096250,와이즈넛,KOSDAQ,00351427
096350,대창솔루션,KOSDAQ,00177870
096530,씨젠,KOSDAQ,00788773
096610,알에프세미,KOSDAQ,00516246
096630,에스코넥,KOSDAQ,00573269
096690,에이루트,KOSDAQ,00608839
096760,JW홀딩스,KOSPI,00632304
096770,SK이노베이션,KOSPI,00631518
096775,SK이노베이션우,KOSPI,
096870,엘디티,KOSDAQ,00540571
097230,HJ중공업,KOSPI,00633835
097520,엠씨넥스,KOSPI,00564562
097780,에코볼트,KOSDAQ,00562360
097800,윈팩,KOSDAQ,00536286
097870,효성오앤비,KOSDAQ,00367385
097950,CJ제일제당,KOSPI,00635134
097955,CJ제일제당 우,KOSPI,
098070,한텍,KOSDAQ,00404941
098120,마이크로컨텍솔,KOSDAQ,00568188
098460,고영,KOSDAQ,00579999
098660,에스티오,KOSDAQ,00612188
099190,아이센스,KOSDAQ,00550994
099220,SDN,KOSDAQ,00574611
099320,쎄트렉아이,KOSDAQ,00449254
099390,브레인즈컴퍼니,KOSDAQ,00642897
099410,동방선기,KOSDAQ,00526678
099430,바이오플러스,KOSDAQ,00636656
099440,스맥,KOSDAQ,00580056
099520,DGI,KOSDAQ,00627029
099750,이지케어텍,KOSDAQ,00490090
100030,인지소프트,KOSDAQ,00641171
100090,SK오션플랜트,KOSPI,00480367
100120,뷰웍스,KOSDAQ,00609324
100130,동국S&C,KOSDAQ,00415594
100220,비상교육,KOSPI,00520887
100250,진양홀딩스,KOSPI,00646732
100590,머큐리,KOSDAQ,00364740
100660,서암기계공업,KOSDAQ,00166528
100700,세운메디칼,KOSDAQ,00362201
100790,미래에셋벤처투자,KOSDAQ,00340096
100840,SNT에너지,KOSPI,00648721
101000,KS인더스트리,KOSDAQ,00618410
101140,인바이오젠,KOSPI,00652423
101160,월덱스,KOSDAQ,00580065
101170,우림피티에스,KOSDAQ,00567222
101240,씨큐브,KOSDAQ,00520610
101330,모베이스,KOSDAQ,00498001
101360,에코앤드림,KOSDAQ,00619640
101390,아이엠,KOSDAQ,00609634
101400,엔시트론,KOSDAQ,00641393
101490,에스앤에스텍,KOSDAQ,00411048
101530,해태제과식품,KOSPI,00428321
101670,하이드로리튬,KOSDAQ,00527491
101680,한국정밀기계,KOSDAQ,00257732
101730,위메이드맥스,KOSDAQ,00643656
101930,인화정공,KOSDAQ,00482426
101970,우양에이치씨,KOSDAQ,00450931
102120,어보브반도체,KOSDAQ,00591441
102260,동성케미컬,KOSPI,00679314
102280,쌍방울,KOSPI,00681142
102370,케이옥션,KOSDAQ,00668600
102460,이연제약,KOSPI,00145598
102710,이엔에프테크놀로지,KOSDAQ,00530185
102940,코오롱생명과학,KOSDAQ,00525642
102950,아하,KONEX,00677334
103140,풍산,KOSPI,00684714
103230,에스앤더블류,KOSDAQ,00137012
103590,일진전기,KOSPI,00683469
103660,씨앗,KONEX,00762377
103840,우양,KOSDAQ,00486875
104040,대성파인텍,KOSDAQ,00442905
104200,NHN벅스,KOSDAQ,00645089
104460,디와이피엔에프,KOSDAQ,00602136
104480,티케이케미칼,KOSDAQ,00693554
104540,코렌텍,KOSDAQ,00541437
104620,노랑풍선,KOSDAQ,00632845
104700,한국철강,KOSPI,00687711
104830,원익머트리얼즈,KOSDAQ,00623661
105330,케이엔더블유,KOSDAQ,00606664
105550,엣지파운드리,KOSDAQ,00766106
105560,KB금융,KOSPI,00688996
105630,한세실업,KOSPI,00728638
105740,디케이락,KOSDAQ,00533003
105760,포스뱅크,KOSDAQ,00862312
105840,우진,KOSPI,00173944
106080,케이이엠텍,KOSDAQ,00542898
106190,하이텍팜,KOSDAQ,00409964
106240,파인테크닉스,KOSDAQ,00755739
106520,노블엠앤비,KOSDAQ,00536329
107590,미원홀딩스,KOSPI,00706715
107600,새빗켐,KOSDAQ,00862880
107640,한중엔시에스,KOSDAQ,00474588
108230,톱텍,KOSDAQ,00531917
108320,LX세미콘,KOSPI,00525934
108380,대양전기공업,KOSDAQ,00111193
108490,로보티즈,KOSDAQ,00946030
108670,LX하우시스,KOSPI,00759513
108675,LX하우시스우,KOSPI,
108860,셀바스AI,KOSDAQ,00666064
109070,주성코퍼레이션,KOSPI,00753643
109080,옵티시스,KOSDAQ,00660291
109610,에스와이,KOSDAQ,00535481
109670,씨싸이트,KOSDAQ,00492706
109740,디에스케이,KOSDAQ,00530121
109820,진매트릭스,KOSDAQ,00552992
109860,동일금속,KOSDAQ,00118284
109960,AP헬스케어,KOSDAQ,00653194
110020,전진바이오팜,KOSDAQ,00632793
110790,크리스에프앤씨,KOSDAQ,00522007
110990,디아이티,KOSDAQ,00576798
111110,호전실업,KOSPI,00226316
111380,동인기연,KOSPI,00367710
111710,남화산업,KOSDAQ,00245694
111770,영원무역,KOSPI,00776820
111870,KH 미래물산,KOSDAQ,00125965
112040,위메이드,KOSDAQ,00444329
112190,KC산업,KONEX,00366517
112290,와이씨켐,KOSDAQ,00619507
112610,씨에스윈드,KOSPI,00670340
113810,디젠스,KOSDAQ,00576789
114090,GKL,KOSPI,00557508
114190,강원에너지,KOSDAQ,00100601
114450,그린생명과학,KOSDAQ,00532059
114630,폴라리스우노,KOSDAQ,00663669
114810,한솔아이원스,KOSDAQ,00625942
114840,아이패밀리에스씨,KOSDAQ,00692254
114920,대주이엔티,KONEX,00414540
115160,휴맥스,KOSDAQ,00787057
115180,큐리언트,KOSDAQ,01042650
115310,인포바인,KOSDAQ,00491415
115440,우리넷,KOSDAQ,00664048
115450,HLB테라퓨틱스,KOSDAQ,00552859
115480,씨유메디칼,KOSDAQ,00681249
115500,케이씨에스,KOSDAQ,00441650
115530,씨엔플러스,KOSDAQ,00660033
115570,스타플렉스,KOSDAQ,00405959
115610,이미지스,KOSDAQ,00694942
116100,태양기계,KONEX,00442631
117580,대성에너지,KOSPI,00787376
117670,알파칩스,KOSDAQ,00605124
117730,티로보틱스,KOSDAQ,00867098
118000,메타케어,KOSPI,00791209
118990,모트렉스,KOSDAQ,00876908
119500,포메탈,KOSDAQ,00188797
119610,인터로조,KOSDAQ,00604426
119650,KC코트렐,KOSPI,00797364
119830,아이텍,KOSDAQ,00626011
119850,지엔씨에너지,KOSDAQ,00626464
120030,조선선재,KOSPI,00796994
120110,코오롱인더,KOSPI,00795135
120115,코오롱인더우,KOSPI,
120240,대정화금,KOSDAQ,00250997
121060,유니포인트,KONEX,00445869
121440,골프존홀딩스,KOSDAQ,00674498
121600,나노신소재,KOSDAQ,00439965
121800,비덴트,KOSDAQ,00693651
121850,코이즈,KOSDAQ,00807397
121890,에스디시스템,KOSDAQ,00604815
122310,제노레이,KOSDAQ,00799539
122350,삼기,KOSDAQ,00799177
122450,KX,KOSDAQ,00657987
122640,예스티,KOSDAQ,00530556
122690,서진오토모티브,KOSDAQ,00800145
122830,원포유,KONEX,00337296
122870,와이지엔터테인먼트,KOSDAQ,00613318
122900,아이마켓코리아,KOSPI,00360142
122990,와이솔,KOSDAQ,00759294
123010,아이윈플러스,KOSDAQ,00615723
123040,엠에스오토텍,KOSDAQ,00259545
123330,제닉,KOSDAQ,00624998
123410,코리아에프티,KOSDAQ,00803425
123420,위메이드플레이,KOSDAQ,00815767
123570,이엠넷,KOSDAQ,00616290
123690,한국화장품,KOSPI,00823429
123700,SJM,KOSPI,00815369
123750,알톤,KOSDAQ,00821607
123840,뉴온,KOSDAQ,00809429
123860,아나패스,KOSDAQ,00761952
123890,한국자산신탁,KOSPI,00404701
124500,아이티센글로벌,KOSDAQ,00620868
124560,태웅로직스,KOSDAQ,00562245
125020,티씨머티리얼즈,KOSDAQ,00381756
125210,아모그린텍,KOSDAQ,00611912
126340,비나텍,KOSDAQ,00563518
126560,현대퓨처넷,KOSPI,00403632
126600,BGF에코머티리얼즈,KOSDAQ,00599595
126640,화신정공,KOSDAQ,00825223
126700,하이비젼시스템,KOSDAQ,00825959
126720,수산인더스트리,KOSPI,00193328
126730,코칩,KOSDAQ,00446901
126880,제이엔케이글로벌,KOSDAQ,00442154
127120,제이에스링크,KOSDAQ,00642541
127710,아시아경제,KOSDAQ,00665676
127980,화인써키트,KOSDAQ,00527002
128540,에코캡,KOSDAQ,00870481
128660,피제이메탈,KOSDAQ,00829380
128820,대성산업,KOSPI,00828789
128940,한미약품,KOSPI,00828497
129260,인터지스,KOSPI,00151368
129890,앱코,KOSDAQ,01207716
129920,대성하이텍,KOSDAQ,00577335
130500,GH신소재,KOSDAQ,00491938
130580,나이스디앤비,KOSDAQ,00606293
130660,한전산업,KOSPI,00194947
130740,티피씨글로벌,KOSDAQ,00578538
131030,옵투스제약,KOSDAQ,00831428
131090,시큐브,KOSDAQ,00402110
131100,티엔엔터테인먼트,KOSDAQ,00814786
131180,딜리,KOSDAQ,00629212
131220,대한과학,KOSDAQ,00608316
131290,티에스이,KOSDAQ,00372226
131370,알서포트,KOSDAQ,00838962
131400,이브이첨단소재,KOSDAQ,00533924
131760,파인텍,KOSDAQ,00820352
131970,두산테스나,KOSDAQ,00563545
133750,메가엠디,KOSDAQ,00807555
133820,화인베스틸,KOSPI,00661847
134060,이퓨쳐,KOSDAQ,00788737
134380,미원화학,KOSPI,00855163
134580,탑코미디어,KOSDAQ,00608699
134790,시디즈,KOSPI,00852087
136150,원일티엔아이,KOSDAQ,00488244
136410,아셈스,KOSDAQ,00922304
136480,하림,KOSDAQ,00857727
136490,선진,KOSPI,00855093
136540,윈스테크넷,KOSDAQ,00868705
136660,큐엠씨,KONEX,00816696
137080,나래나노텍,KOSDAQ,00362122
137310,에스디바이오센서,KOSPI,00854997
137400,피엔티,KOSDAQ,00612294
137940,넥스트아이,KOSDAQ,00614593
137950,제이씨케미칼,KOSDAQ,00664853
138040,메리츠금융지주,KOSPI,00860332
138070,신진에스엠,KOSDAQ,00577380
138080,오이솔루션,KOSDAQ,00571483
138360,협진,KOSDAQ,00808068
138490,코오롱ENP,KOSPI,00241005
138610,나이벡,KOSDAQ,00767628
138930,BNK금융지주,KOSPI,00858364
139050,BF랩스,KOSDAQ,00656021
139130,iM금융지주,KOSPI,00878915
139480,이마트,KOSPI,00872984
139670,키네마스터,KOSDAQ,00535375
139990,아주스틸,KOSPI,00486705
140070,서플러스글로벌,KOSDAQ,00599285
140410,메지온,KOSDAQ,00808022
140430,카티스,KOSDAQ,01116265
140520,대창스틸,KOSDAQ,00112721
140610,엔솔바이오사이언스,KONEX,01018802
140660,위월드,KONEX,00663289
140670,알에스오토메이션,KOSDAQ,00858124
140860,파크시스템스,KOSDAQ,00244747
140910,에이리츠,KOSPI,00860730
141000,비아트론,KOSDAQ,00610083
141080,리가켐바이오,KOSDAQ,00842619
142210,유니트론텍,KOSDAQ,00879020
142280,녹십자엠에스,KOSDAQ,00513948
142760,모아라이프플러스,KOSDAQ,00587925
143160,아이디스,KOSDAQ,00883980
143210,핸즈코퍼레이션,KOSPI,00119140
143240,사람인,KOSDAQ,00857480
143540,영우디에스피,KOSDAQ,00569646
144510,지씨셀,KOSDAQ,01010642
144960,뉴파워프라즈마,KOSDAQ,00521390
145020,휴젤,KOSDAQ,00888347
145170,노브랜드,KOSDAQ,00305941
145210,다이나믹디자인,KOSPI,00453488
145270,케이탑리츠,KOSPI,00861076
145720,덴티움,KOSPI,00526599
145990,삼양사,KOSPI,00896285
145995,삼양사우,KOSPI,
146060,율촌,KOSDAQ,00495633
146320,비씨엔씨,KOSDAQ,01301623
147760,피엠티,KOSDAQ,00654175
147830,제룡산업,KOSDAQ,00899556
148150,세경하이테크,KOSDAQ,00913689
148250,알엔투테크놀로지,KOSDAQ,00915508
148780,비큐AI,KOSDAQ,00980043
148930,에이치와이티씨,KOSDAQ,00885906
149010,아이케이세미콘,KONEX,00861100
149300,아퓨어스,KONEX,00578130
149950,아바텍,KOSDAQ,00442048
149980,하이로닉,KOSDAQ,00977641
150840,인트로메딕,KOSDAQ,00661157
150900,파수,KOSDAQ,00638487
151860,KG에코솔루션,KOSDAQ,00366137
151910,퓨처코어,KOSDAQ,00653103
152550,한국ANKOR유전,KOSPI,00907013
153460,네이블,KOSDAQ,00842585
153490,우리이앤엘,KOSDAQ,00815095
153710,옵티팜,KOSDAQ,00971726
154030,아시아종묘,KOSDAQ,00867478
154040,다산솔루에타,KOSDAQ,00624518
155650,와이엠씨,KOSDAQ,00870861
155660,DSR,KOSPI,00110608
156100,엘앤케이바이오,KOSDAQ,00918222
158430,아톤,KOSDAQ,00595182
159010,아스플로,KOSDAQ,00561732
159580,제로투세븐,KOSDAQ,00563837
159910,에코글로우,KOSDAQ,00896753
160190,하이젠알앤엠,KOSDAQ,00650771
160550,NEW,KOSDAQ,00974927
160980,싸이맥스,KOSDAQ,00659161
161000,애경케미칼,KOSPI,00936787
161390,한국타이어앤테크놀로지,KOSPI,00937324
161580,필옵틱스,KOSDAQ,00938721
161890,한국콜마,KOSPI,00939331
162120,루켄테크놀러지스,KONEX,00886792
162300,신스틸,KOSDAQ,00958664
163280,에어레인,KOSDAQ,01663116
163560,동일고무벨트,KOSPI,00939687
163730,핑거,KOSDAQ,01142075
166090,하나머티리얼즈,KOSDAQ,00660750
166480,코아스템켐온,KOSDAQ,00989664
168330,내츄럴엔도텍,KOSDAQ,00923792
168360,펨트론,KOSDAQ,00957373
169330,엠브레인,KOSDAQ,00877174
169670,코스텍시스템,KONEX,00610861
170030,현대공업,KOSDAQ,00164502
170790,파이오링크,KOSDAQ,00492353
170900,동아에스티,KOSPI,00956930
170920,엘티씨,KOSDAQ,00866062
171010,램테크놀러지,KOSDAQ,00654272
171090,선익시스템,KOSDAQ,00327819
171120,라이온켐텍,KOSDAQ,00317104
172670,에이엘티,KOSDAQ,00493325
173130,오파스넷,KOSDAQ,00867849
173940,에프엔씨엔터,KOSDAQ,00925295
174880,장원테크,KOSDAQ,00659684
174900,앱클론,KOSDAQ,00991191
175140,휴먼테크놀로지,KOSDAQ,00861997
175250,아이큐어,KOSDAQ,00554352
175330,JB금융지주,KOSPI,00980122
176590,코나솔,KONEX,00666329
176750,듀켐바이오,KOSDAQ,00867034
177350,베셀,KOSDAQ,00813389
177830,파버나인,KOSDAQ,00429694
177900,쓰리에이로직스,KOSDAQ,00870065
178320,서진시스템,KOSDAQ,00838005
178600,대동고려삼,KONEX,00910202
178780,일월지엠엘,KOSDAQ,00923826
178920,PI첨단소재,KOSPI,00767460
179290,엠아이텍,KOSDAQ,00531829
179530,애드바이오텍,KOSDAQ,01022902
179720,머니무브,KONEX,00978075
179900,유티아이,KOSDAQ,00961774
180060,탑선,KONEX,00874937
180400,DXVX,KOSDAQ,00995993
180640,한진칼,KOSPI,00983040
18064K,한진칼우,KOSPI,
181710,NHN,KOSPI,00983271
182360,큐브엔터,KOSDAQ,00985686
182400,엔케이맥스,KOSDAQ,00977650
183190,아세아시멘트,KOSPI,00990165
183300,코미코,KOSDAQ,00997812
183490,엔지켐생명과학,KOSDAQ,00606886
184230,SGA솔루션즈,KOSDAQ,00988364
185190,수프로,KONEX,00830447
185490,아이진,KOSDAQ,00945457
185750,종근당,KOSPI,00992871
186230,그린플러스,KOSDAQ,00602279
187220,디티앤씨,KOSDAQ,00675594
187270,신화콘텍,KOSDAQ,00925189
187420,HLB제넥스,KOSDAQ,00983916
187660,현대ADM,KOSDAQ,01409022
187790,나노,KOSDAQ,00994994
187870,디바이스,KOSDAQ,00624509
188040,바이오포트,KOSDAQ,01157846
188260,세니젠,KOSDAQ,01305869
189300,인텔리안테크,KOSDAQ,00664181
189330,씨이랩,KOSDAQ,00991298
189350,코셋,KONEX,00965062
189690,포시에스,KOSDAQ,00939942
189860,서전기전,KOSDAQ,00869272
189980,흥국에프엔비,KOSDAQ,00916516
190510,나무가,KOSDAQ,00819374
190650,코리아에셋투자증권,KOSDAQ,00304915
191410,육일씨엔에쓰,KOSDAQ,00843900
191420,테고사이언스,KOSDAQ,00926522
191600,블루탑,KONEX,00611286
192080,더블유게임즈,KOSPI,01010110
192250,케이사인,KOSDAQ,01003040
192390,윈하이텍,KOSDAQ,00910840
192400,쿠쿠홀딩스,KOSPI,00132354
192410,오늘이엔엠,KOSDAQ,00623184
192440,슈피겐코리아,KOSDAQ,00917861
192650,드림텍,KOSPI,00415646
192820,코스맥스,KOSPI,01009789
193250,링크드,KOSDAQ,01035678
194370,제이에스코퍼레이션,KOSPI,00332927
194480,데브시스터즈,KOSDAQ,01008762
194700,노바렉스,KOSDAQ,00811372
195500,마니커에프앤지,KOSDAQ,00770312
195870,해성디에스,KOSPI,01032413
195940,HK이노엔,KOSDAQ,01012066
195990,에이비프로바이오,KOSDAQ,00620558
196170,알테오젠,KOSDAQ,00989619
196300,HLB펩,KOSDAQ,00808086
196450,코아시아씨엠,KOSDAQ,01031502
196490,디에이테크놀로지,KOSDAQ,00660121
196700,웹스,KOSDAQ,00864338
197140,디지캡,KOSDAQ,00681373
198080,엔피디,KOSDAQ,00876643
198440,강동씨앤엘,KOSDAQ,01032583
198940,한주라이트메탈,KOSDAQ,00156600
199150,데이터스트림즈,KONEX,00553025
199290,바이오프로테크,KONEX,00669450
199430,케이엔알시스템,KOSDAQ,00672603
199480,뱅크웨어글로벌,KOSDAQ,01138595
199550,레이저옵텍,KOSDAQ,01161432
199730,바이오인프라,KOSDAQ,01110058
199800,툴젠,KOSDAQ,00547510
199820,제일일렉트릭,KOSDAQ,00148470
200130,콜마비앤에이치,KOSDAQ,01032404
200230,텔콘RF제약,KOSDAQ,00608802
200350,아티스트스튜디오,KOSDAQ,00990819
200470,에이팩트,KOSDAQ,00667425
200580,메디쎄이,KONEX,01018617
200670,휴메딕스,KOSDAQ,00614478
200710,에이디테크놀로지,KOSDAQ,00657002
200780,비씨월드제약,KOSDAQ,00256043
200880,서연이화,KOSPI,01036446
201490,미투온,KOSDAQ,00965813
202960,판도라티비,KONEX,00541862
203400,에이비온,KOSDAQ,00977377
203450,유니온바이오메트릭스,KOSDAQ,00408266
203650,드림시큐리티,KOSDAQ,01038693
203690,아크솔루션스,KOSDAQ,01036367
204020,그리티,KOSDAQ,00671978
204210,스타에스엠리츠,KOSPI,01035289
204270,제이앤티씨,KOSDAQ,00447575
204320,HL만도,KOSPI,01042775
204610,티쓰리,KOSDAQ,00609661
204620,글로벌텍스프리,KOSDAQ,01042711
204630,스튜디오산타클로스,KOSDAQ,01046203
204840,지엘팜텍,KOSDAQ,01042359
205100,엑셈,KOSDAQ,01042085
205470,휴마시스,KOSDAQ,01042979
205500,넥써쓰,KOSDAQ,01042429
206400,베노티앤알,KOSDAQ,01043853
206560,덱스터,KOSDAQ,01021949
206640,바디텍메드,KOSDAQ,01046708
206650,유바이오로직스,KOSDAQ,00927558
206950,볼빅,KONEX,00756163
207490,에이펙스인텍,KONEX,00832700
207760,미스터블루,KOSDAQ,01047840
207940,삼성바이오로직스,KOSPI,00877059
208140,정다운,KOSDAQ,01047415
208340,파멥신,KOSDAQ,00972293
208350,지란지교시큐리티,KOSDAQ,01047169
208370,셀바스헬스케어,KOSDAQ,01047451
208640,썸에이지,KOSDAQ,01049422
208710,포톤,KOSDAQ,01047707
208850,이비테크,KONEX,01116344
208860,엔지스테크널러지,KOSDAQ,01084364
208890,미래엔에듀파트너,KONEX,00876209
209640,와이제이링크,KOSDAQ,01023211
210120,캔버스엔,KOSDAQ,00550082
210540,디와이파워,KOSPI,01059605
210980,SK디앤디,KOSPI,00508344
211050,인카금융서비스,KOSDAQ,01013694
211270,AP위성,KOSDAQ,00874803
212310,오건에코텍,KONEX,01085442
212560,네오오토,KOSDAQ,00876865
212710,아이에스티이,KOSDAQ,01208751
213420,덕산네오룩스,KOSDAQ,01061558
213500,한솔제지,KOSPI,01060744
214150,클래시스,KOSDAQ,01061327
214180,헥토이노베이션,KOSDAQ,01013311
214260,라파스,KOSDAQ,01058101
214270,FSN,KOSDAQ,01061497
214320,이노션,KOSPI,00565154
214330,금호에이치티,KOSPI,00105606
214370,케어젠,KOSDAQ,00549891
214390,경보제약,KOSPI,00101664
214420,토니모리,KOSPI,00816544
214430,아이쓰리시스템,KOSDAQ,00612489
214450,파마리서치,KOSDAQ,00970453
214610,더바이오메드,KOSDAQ,01049167
214680,디알텍,KOSDAQ,01062867
215000,골프존,KOSDAQ,01067516
215090,솔디펜스,KOSDAQ,01063884
215100,로보로보,KOSDAQ,01063990
215200,메가스터디교육,KOSDAQ,01074862
215360,우리산업,KOSDAQ,01077577
215380,우정바이오,KOSDAQ,01065013
215480,토박스코리아,KOSDAQ,01064069
215570,크로넥스,KONEX,01034730
215600,신라젠,KOSDAQ,00919966
215790,이노인스트루먼트,KOSDAQ,01065679
216050,인크로스,KOSDAQ,00819073
216080,제테마,KOSDAQ,01222867
216400,인바이츠바이오코아,KONEX,00537221
217190,제너셈,KOSDAQ,00666204
217270,넵튠,KOSDAQ,01067808
217320,썬테크,KONEX,00963000
217330,싸이토젠,KOSDAQ,01046391
217480,에스디생명공학,KOSDAQ,01099667
217500,러셀,KOSDAQ,01068348
217620,선샤인푸드,KOSDAQ,01068658
217730,강스템바이오텍,KOSDAQ,01025644
217820,원익피앤이,KOSDAQ,01020843
217880,틸론,KONEX,00976615
217910,에스제이켐,KONEX,01139497
217950,파마리서치바이오,KONEX,01066058
218150,미래생명자원,KOSDAQ,01071944
218410,RFHIC,KOSDAQ,01078178
219130,타이거일렉,KOSDAQ,00617314
219420,링크제니시스,KOSDAQ,01109955
219550,디와이디,KOSDAQ,01089378
219750,한국비티비,KOSDAQ,01031229
220100,퓨쳐켐,KOSDAQ,01053540
220180,핸디소프트,KOSDAQ,00793155
220260,켐트로스,KOSDAQ,01089350
221800,유투바이오,KOSDAQ,01026616
221840,하이즈항공,KOSDAQ,00688358
221980,케이디켐,KOSDAQ,00370918
222040,코스맥스엔비티,KOSDAQ,00656289
222080,씨아이에스,KOSDAQ,01090471
222110,팬젠,KOSDAQ,00962922
222160,NPX,KOSDAQ,01037542
222420,쎄노텍,KOSDAQ,01091054
222670,플럼라인생명과학,KONEX,01063237
222800,심텍,KOSDAQ,01095722
222810,세토피아,KOSDAQ,01091382
222980,한국맥널티,KOSDAQ,00579139
223220,로지스몬,KONEX,01060735
223250,드림씨아이에스,KOSDAQ,00916826
223310,딥마인드,KOSDAQ,01075126
224060,더코디,KOSDAQ,00530413
224110,에이텍모빌리티,KOSDAQ,01099861
224760,엔에스컴퍼니,KONEX,00929228
224810,엄지하우스,KONEX,00607797
225190,LK삼양,KOSDAQ,00992543
225220,제놀루션,KOSDAQ,01062177
225430,케이엠제약,KOSDAQ,01095704
225530,보광산업,KOSDAQ,00568461
225570,넥슨게임즈,KOSDAQ,01096341
225590,패션플랫폼,KOSDAQ,01101041
226320,잇츠한불,KOSPI,00911955
226330,신테카바이오,KOSDAQ,01344336
226340,본느,KOSDAQ,01098792
226360,KH 건설,KOSDAQ,01097906
226400,오스테오닉,KOSDAQ,01082348
226440,한송네오텍,KOSDAQ,01101722
226590,엠디바이스,KOSDAQ,01022142
226950,올릭스,KOSDAQ,01113718
227100,퀀텀온,KOSDAQ,01207761
227420,도부,KONEX,01109690
227610,아우딘퓨쳐스,KOSDAQ,01080687
227840,현대코퍼레이션홀딩스,KOSPI,01108099
227950,엔투텍,KOSDAQ,01105621
228340,동양파일,KOSDAQ,00993931
228670,레이,KOSDAQ,00828761
228760,지노믹트리,KOSDAQ,01108248
228850,레이언스,KOSDAQ,00899459
229000,젠큐릭스,KOSDAQ,01051472
229500,노브메타파마,KONEX,01065785
229640,LS에코에너지,KOSPI,01093007
230240,에치에프알,KOSDAQ,01108442
230360,에코마케팅,KOSDAQ,01029394
230980,비유테크놀러지,KOSDAQ,01110076
232140,와이씨,KOSDAQ,01109539
232530,이엠티,KONEX,00925967
232680,라온테크,KOSDAQ,00911229
232830,아이티센피엔에스,KOSDAQ,01113499
233250,메디안디노스틱,KONEX,01035942
233990,질경이,KONEX,01063556
234070,에이원알폼,KONEX,00614089
234080,JW생명과학,KOSPI,00225706
234100,폴라리스세원,KOSDAQ,00617998
234300,에스트래픽,KOSDAQ,01014055
234340,헥토파이낸셜,KOSDAQ,00763701
234690,녹십자웰빙,KOSDAQ,01135057
234920,자이글,KOSDAQ,01020524
235980,메드팩토,KOSDAQ,01336373
236030,씨알푸드,KONEX,01085187
236200,슈프리마,KOSDAQ,01124653
236340,메디젠휴먼케어,KONEX,01023822
236810,엔비티,KOSDAQ,01051065
237690,에스티팜,KOSDAQ,00871833
237750,피앤씨테크,KOSDAQ,00525864
237820,플레이디,KOSDAQ,00862853
237880,클리오,KOSDAQ,00957735
238090,앤디포스,KOSDAQ,00942131
238120,얼라인드,KOSDAQ,01073678
238170,엔에스엠,KONEX,01011872
238200,비피도,KOSDAQ,01109070
238490,힘스,KOSDAQ,00556712
238500,로보쓰리에이아이,KONEX,01118643
239340,이스트에이드,KOSDAQ,01128622
239610,에이치엘사이언스,KOSDAQ,01011438
239890,피엔에이치테크,KOSDAQ,01112889
240550,동방메디컬,KOSDAQ,01073261
240600,유진테크놀로지,KOSDAQ,01085026
240810,원익IPS,KOSDAQ,01135941
241520,DSC인베스트먼트,KOSDAQ,01109715
241560,두산밥캣,KOSPI,01032486
241590,화승엔터프라이즈,KOSPI,01128613
241690,유니테크노,KOSDAQ,00531865
241710,코스메카코리아,KOSDAQ,00763473
241770,메카로,KOSDAQ,00652007
241790,티이엠씨씨엔에스,KOSDAQ,01113754
241820,피씨엘,KOSDAQ,01051092
241840,에이스토리,KOSDAQ,00975290
242040,나무기술,KOSDAQ,01136348
243070,휴온스,KOSDAQ,01159853
243840,신흥에스이씨,KOSDAQ,00807379
243870,아이티센코어,KONEX,00565215
244460,올리패스,KOSDAQ,01070149
244880,나눔테크,KONEX,01117422
244920,에이플러스에셋,KOSPI,00684802
245450,씨앤에스링크,KONEX,01116380
245620,EDGC,KOSDAQ,01182550
246250,에스엘에스바이오,KOSDAQ,01112700
246690,TS인베스트먼트,KOSDAQ,00778235
246710,티앤알바이오팹,KOSDAQ,01109937
246720,아스타,KOSDAQ,01157235
246960,SCL사이언스,KOSDAQ,01110182
247540,에코프로비엠,KOSDAQ,01160363
247660,나노씨엠에스,KOSDAQ,00660459
248070,솔루엠,KOSPI,01159233
248170,샘표식품,KOSPI,01167056
249420,일동제약,KOSPI,01168383
250000,보라티알,KOSDAQ,01124680
250030,진코스텍,KONEX,01158632
250060,모비스,KOSDAQ,01165155
250930,예선테크,KOSDAQ,01166109
251120,바이오에프디엔씨,KOSDAQ,01160974
251270,넷마블,KOSPI,00904672
251280,안지오랩,KONEX,01115044
251370,와이엠티,KOSDAQ,00602172
251630,브이원텍,KOSDAQ,01027794
251970,펌텍코리아,KOSDAQ,00761059
252500,세화피앤씨,KOSDAQ,01169267
252990,샘씨엔에스,KOSDAQ,01199727
253450,스튜디오드래곤,KOSDAQ,01168684
253590,네오셈,KOSDAQ,01170865
253610,루트락,KONEX,01262023
253840,수젠텍,KOSDAQ,01063954
254120,자비스,KOSDAQ,01174038
254160,제이엠멀티,KONEX,01366824
254490,미래반도체,KOSDAQ,00299844
255220,SG,KOSDAQ,00963976
255440,야스,KOSDAQ,00875307
256150,한독크린텍,KOSDAQ,01069736
256630,포인트엔지니어링,KOSDAQ,01179608
256840,한국비엔씨,KOSDAQ,01179617
256940,킵스파마,KOSDAQ,01037214
257370,피엔티엠에스,KOSDAQ,01144569
257720,실리콘투,KOSDAQ,00982023
257990,나우코스,KONEX,00425254
258050,테크트랜스,KONEX,01246742
258610,케일럼,KOSDAQ,00961507
258790,소프트캠프,KOSDAQ,01182408
258830,세종메디칼,KOSDAQ,00959229
259630,엠플러스,KOSDAQ,00833064
259960,크래프톤,KOSPI,00760971
260660,알리코제약,KOSDAQ,00447007
260870,SK시그넷,KONEX,01188730
260930,씨티케이,KOSDAQ,01144028
260970,에스앤디,KOSDAQ,00560849
261200,덴티스,KOSDAQ,01187494
261780,차백신연구소,KOSDAQ,01141599
262260,에이프로,KOSDAQ,00604268
262840,아이퀘스트,KOSDAQ,01146822
263020,디케이앤디,KOSDAQ,00892526
263050,유틸렉스,KOSDAQ,01110678
263600,덕우전자,KOSDAQ,00571298
263690,디알젬,KOSDAQ,00966168
263700,케어랩스,KOSDAQ,01187148
263720,디앤씨미디어,KOSDAQ,01186404
263750,펄어비스,KOSDAQ,01152470
263770,유에스티,KOSDAQ,01196313
263800,데이타솔루션,KOSDAQ,00877819
263810,상신전자,KOSDAQ,00760999
263860,지니언스,KOSDAQ,00962223
263920,휴엠앤씨,KOSDAQ,01185566
264450,유비쿼스,KOSDAQ,01203376
264660,씨앤지하이테크,KOSDAQ,00605328
264850,이랜시스,KOSDAQ,01199189
264900,크라운제과,KOSPI,01205329
26490K,크라운제과우,KOSPI,
265520,AP시스템,KOSDAQ,01203808
265560,영화테크,KOSDAQ,00659976
265740,엔에프씨,KOSDAQ,01217829
266170,뿌리깊은나무들,KONEX,00990396
266350,팡스카이,KONEX,01208821
266470,바이오인프라생명과학,KONEX,01130885
266870,파워풀엑스,KONEX,01190780
267080,세븐브로이맥주,KONEX,01575361
267250,HD현대,KOSPI,01205709
267260,HD현대일렉트릭,KOSPI,01205851
267270,HD현대건설기계,KOSPI,01205842
267290,경동도시가스,KOSPI,01208885
267320,나인테크,KOSDAQ,01208849
267790,배럴,KOSDAQ,01182240
267850,아시아나IDT,KOSPI,00458234
267980,매일유업,KOSDAQ,01234507
268280,미원에스씨,KOSPI,01234297
269620,시스웍,KOSDAQ,01188378
270210,에스알바이오텍,KONEX,01187458
270520,앱트뉴로사이언스,KOSDAQ,01228515
270660,에브리봇,KOSDAQ,01201590
270870,뉴트리,KOSDAQ,01214248
271560,오리온,KOSPI,01238169
271830,팸텍,KOSDAQ,01146220
271940,일진하이솔루스,KOSPI,00972503
271980,제일약품,KOSPI,01236897
272110,케이엔제이,KOSDAQ,00769158
272210,한화시스템,KOSPI,00339391
272290,이녹스첨단소재,KOSDAQ,01237540
272450,진에어,KOSPI,00653024
272550,삼양패키징,KOSPI,01060814
273060,와이즈버즈,KOSDAQ,01236532
273640,와이엠텍,KOSDAQ,01215618
274090,켄코아에어로스페이스,KOSDAQ,01158553
274400,이노시뮬레이션,KOSDAQ,00965318
275630,에스에스알,KOSDAQ,01250374
276040,스코넥,KOSDAQ,01290248
276240,엘리비젼,KONEX,01119651
276730,한울앤제주,KOSDAQ,01230255
277070,린드먼아시아,KOSDAQ,00616962
277410,인산가,KOSDAQ,01243161
277810,레인보우로보틱스,KOSDAQ,01261644
277880,티에스아이,KOSDAQ,01139035
278280,천보,KOSDAQ,00897752
278470,에이피알,KOSPI,01190568
278650,HLB바이오스텝,KOSDAQ,01189438
278990,EMB,KONEX,01117246
279060,이노벡스,KONEX,01353848
279600,미디어젠,KOSDAQ,01190124
280360,롯데웰푸드,KOSPI,01258507
281740,레이크머티리얼즈,KOSDAQ,01255652
281820,케이씨텍,KOSPI,01261893
282330,BGF리테일,KOSPI,01263022
282720,금양그린파워,KOSDAQ,00872656
282880,코윈테크,KOSDAQ,01211232
284620,카이노스메드,KOSDAQ,01263527
284740,쿠쿠홈시스,KOSPI,01267684
285130,SK케미칼,KOSPI,01267170
28513K,SK케미칼우,KOSPI,
285490,노바텍,KOSDAQ,01259232
285800,진영,KOSDAQ,00816933
286750,나노실리칸첨단소재,KOSDAQ,01136001
286940,롯데이노베이트,KOSPI,01262032
287840,인투셀,KOSDAQ,
288330,브릿지바이오테라퓨틱스,KOSDAQ,01227039
288490,나라소프트,KONEX,01267550
288620,에스퓨얼셀,KOSDAQ,01257872
288980,모아데이타,KOSDAQ,01423837
289010,아이스크림에듀,KOSDAQ,00983934
289080,SV인베스트먼트,KOSDAQ,00599151
289170,바이오텐,KONEX,01352575
289220,자이언트스텝,KOSDAQ,01264438
289860,지슨,KONEX,00945776
289930,웨이비스,KOSDAQ,01270749
290090,트윔,KOSDAQ,01217014
290120,DH오토리드,KOSDAQ,01182578
290270,휴네시온,KOSDAQ,01251577
290380,대유,KOSDAQ,00384948
290520,신도기연,KOSDAQ,00961570
290550,디케이티,KOSDAQ,01137903
290560,신시웨이,KOSDAQ,01130849
290650,엘앤씨바이오,KOSDAQ,01181515
290660,네오펙트,KOSDAQ,01246034
290670,대보마그네틱,KOSDAQ,01259418
290690,소룩스,KOSDAQ,00605522
290720,푸드나무,KOSDAQ,01259311
290740,액트로,KOSDAQ,01141942
291230,엔피,KOSDAQ,01276901
291650,압타머사이언스,KOSDAQ,01265251
291810,핀텔,KOSDAQ,01524507
293480,하나제약,KOSPI,00248974
293490,카카오게임즈,KOSDAQ,01137383
293580,나우IB,KOSDAQ,00651017
293780,압타바이오,KOSDAQ,01251595
293940,신한알파리츠,KOSPI,01276594
294090,이오플로우,KOSDAQ,01274310
294140,레몬,KOSDAQ,01011395
294570,쿠콘,KOSDAQ,01311055
294630,서남,KOSDAQ,00867973
294870,HDC현대산업개발,KOSPI,01310269
295310,에이치브이엠,KOSDAQ,01011368
296160,프로젠,KONEX,01156795
296520,가이아코퍼레이션,KONEX,01229240
296640,이노룰스,KOSDAQ,01341630
297090,씨에스베어링,KOSDAQ,00765462
297570,알로이스,KOSDAQ,01309795
297890,HB솔루션,KOSDAQ,00523936
298000,효성화학,KOSPI,01316236
298020,효성티앤씨,KOSPI,01316227
298040,효성중공업,KOSPI,01316245
298050,HS효성첨단소재,KOSPI,01316254
298060,에스씨엠생명과학,KOSDAQ,01110474
298380,에이비엘바이오,KOSDAQ,01256864
298540,더네이쳐홀딩스,KOSDAQ,01214743
298690,에어부산,KOSPI,00651901
298830,슈어소프트테크,KOSDAQ,01012640
299030,하나기술,KOSDAQ,00601191
299170,더블유에스아이,KOSDAQ,01318261
299480,지앤이헬스케어,KONEX,01188749
299660,셀리드,KOSDAQ,01235296
299900,위지윅스튜디오,KOSDAQ,01276327
300080,플리토,KOSDAQ,01237434
300120,라온피플,KOSDAQ,01251489
300720,한일시멘트,KOSPI,01319808
301300,바이브컴퍼니,KOSDAQ,00403793
302430,이노메트리,KOSDAQ,01258710
302440,SK바이오사이언스,KOSPI,01319899
302550,리메드,KOSDAQ,01275665
302920,더콘텐츠온,KONEX,00991225
303030,지니틱스,KOSDAQ,01318933
303360,프로티아,KOSDAQ,01267958
303530,이노뎁,KOSDAQ,01264872
303810,동국생명과학,KOSDAQ,01233465
304100,솔트룩스,KOSDAQ,01050738
304360,에스바이오메딕스,KOSDAQ,01258020
304840,피플바이오,KOSDAQ,01118281
305090,마이크로디지탈,KOSDAQ,01267967
306040,에스제이그룹,KOSDAQ,01222432
306200,세아제강,KOSPI,01325979
306620,네온테크,KOSDAQ,01325429
307180,아이엘,KOSDAQ,01326279
307280,원바이오젠,KOSDAQ,01326224
307750,국전약품,KOSDAQ,01329957
307870,비투엔,KOSDAQ,01326792
307930,컴퍼니케이,KOSDAQ,00598198
307950,현대오토에버,KOSPI,00362441
308080,바이젠셀,KOSDAQ,01335790
308100,형지글로벌,KOSDAQ,01181807
308170,씨티알모빌리티,KOSPI,00450010
308430,셀비온,KOSDAQ,01275489
308700,테크엔,KONEX,01016886
309930,오하임앤컴퍼니,KOSDAQ,01335453
309960,LB인베스트먼트,KOSDAQ,00231901
310200,애니플러스,KOSDAQ,01335578
310210,보로노이,KOSDAQ,01327746
310870,디와이씨,KOSDAQ,01336443
311060,엘에이티,KONEX,01264234
311320,지오엘리먼트,KOSDAQ,00668965
311390,네오크레마,KOSDAQ,01219155
311690,CJ 바이오사이언스,KOSDAQ,01071041
311960,인터로이드,KONEX,01290132
312610,에이에프더블류,KOSDAQ,01223219
313760,캐리,KOSDAQ,00863038
314130,지놈앤컴퍼니,KOSDAQ,01276026
314140,알피바이오,KOSDAQ,01182259
314930,바이오다인,KOSDAQ,01117413
315640,딥노이드,KOSDAQ,01344831
316140,우리금융지주,KOSPI,01350869
317120,라닉스,KOSDAQ,01327092
317240,TS트릴리온,KOSDAQ,01353024
317330,덕산테코피아,KOSDAQ,01021666
317400,자이에스앤디,KOSPI,00367844
317530,캐리소프트,KOSDAQ,01267222
317690,퀀타매트릭스,KOSDAQ,01311286
317770,엑스페릭스,KOSDAQ,01231786
317830,에스피시스템스,KOSDAQ,00624749
317850,대모,KOSDAQ,00450995
317860,노드메이슨,KONEX,01328170
317870,엔바이오니아,KOSDAQ,00964595
318000,KBG,KOSDAQ,00876166
318010,팜스빌,KOSDAQ,00986898
318020,포인트모바일,KOSDAQ,00962393
318160,셀바이오휴먼텍,KOSDAQ,01288410
318410,비비씨,KOSDAQ,01153105
318660,타임기술,KONEX,01345724
319400,현대무벡스,KOSDAQ,01358463
319660,피에스케이,KOSDAQ,01365825
320000,한울반도체,KOSDAQ,01359815
321260,프로이천,KOSDAQ,01359736
321370,센서뷰,KOSDAQ,01593668
321550,티움바이오,KOSDAQ,01335930
321820,아티스트컴퍼니,KOSDAQ,01116502
322000,HD현대에너지솔루션,KOSPI,01199550
322180,LS티라유텍,KOSDAQ,01309388
322310,오로스테크놀로지,KOSDAQ,01016479
322510,제이엘케이,KOSDAQ,01153293
322780,코퍼스코리아,KOSDAQ,01364297
322970,무진메디,KONEX,01293388
323230,엠에프엠코리아,KOSDAQ,01384477
323280,태성,KOSDAQ,01366000
323350,다원넥스뷰,KOSDAQ,01344363
323410,카카오뱅크,KOSPI,01133217
323990,박셀바이오,KOSDAQ,01335851
326030,SK바이오팜,KOSPI,00878696
327260,RF머트리얼즈,KOSDAQ,01343665
327610,펨토바이오메드,KONEX,01336735
328130,루닛,KOSDAQ,01397620
328380,솔트웨어,KOSDAQ,01390399
329180,HD현대중공업,KOSPI,01390344
330350,위더스제약,KOSDAQ,00765851
330590,롯데리츠,KOSPI,01363818
330730,스톤브릿지벤처스,KOSDAQ,01305249
330860,네패스아크,KOSDAQ,01368354
331380,포커스에이아이,KOSDAQ,01393721
331520,밸로프,KOSDAQ,01398151
331660,한국미라클피플사,KONEX,01363924
331920,셀레믹스,KOSDAQ,01114586
332190,오션스바이오,KONEX,01860010
332290,누보,KOSDAQ,01394669
332370,아이디피,KOSDAQ,01213586
332570,PS일렉트로닉스,KOSDAQ,01015160
333050,모코엠시스,KOSDAQ,01407158
333430,일승,KOSDAQ,01396676
333620,엔시스,KOSDAQ,01310773
334890,이지스밸류플러스리츠,KOSPI,01394377
334970,프레스티지바이오로직스,KOSDAQ,01258428
335810,프리시젼바이오,KOSDAQ,01137295
335870,윙스풋,KOSDAQ,01405585
335890,비올,KOSDAQ,01406618
336040,타스컴,KONEX,01118139
336060,웨이버스,KOSDAQ,01408999
336260,두산퓨얼셀,KOSPI,01412725
33626K,두산퓨얼셀1우,KOSPI,
33626L,두산퓨얼셀2우B,KOSPI,
336370,솔루스첨단소재,KOSPI,01412822
33637K,솔루스첨단소재1우,KOSPI,
33637L,솔루스첨단소재2우B,KOSPI,
336570,원텍,KOSDAQ,01407909
336680,탑런토탈솔루션,KOSDAQ,00814582
337840,유엑스엔,KONEX,01396931
337930,젝시믹스,KOSDAQ,01391103
338100,NH프라임리츠,KOSPI,01391033
338220,뷰노,KOSDAQ,01344202
338840,와이바이오로직스,KOSDAQ,01226234
339770,교촌에프앤비,KOSPI,00453284
339950,아이비김영,KOSDAQ,01414422
340360,다보링크,KOSDAQ,01416642
340440,세림B&G,KOSDAQ,01416572
340570,티앤엘,KOSDAQ,00608440
340810,시선AI,KOSDAQ,01315042
340930,유일에너테크,KOSDAQ,01368637
341170,퓨쳐메디신,KONEX,01185867
341310,이앤에치,KONEX,01337017
343090,HLB사이언스,KONEX,01413371
344820,KCC글라스,KOSPI,01428203
344860,이노진,KOSDAQ,01419135
346010,타이드,KONEX,01309069
347000,센코,KOSDAQ,01023318
347700,스피어,KOSDAQ,01336762
347740,피엔케이피부임상연구센타,KOSDAQ,01290381
347770,핌스,KOSDAQ,01405390
347850,디앤디파마텍,KOSDAQ,01376715
347860,알체라,KOSDAQ,01405451
347890,엠투아이,KOSDAQ,00670766
348030,모비릭스,KOSDAQ,01210190
348080,큐라티스,KOSDAQ,01357765
348150,고바이오랩,KOSDAQ,01399071
348210,넥스틴,KOSDAQ,01080252
348340,뉴로메카,KOSDAQ,01336461
348350,위드텍,KOSDAQ,00925587
348370,엔켐,KOSDAQ,01011526
348950,제이알글로벌리츠,KOSPI,01415892
350520,이지스레지던스리츠,KOSPI,01436628
351020,미쥬,KONEX,01547933
351320,넥사다이내믹스,KOSDAQ,01440153
351330,이삭엔지니어링,KOSDAQ,01135640
351870,차이커뮤니케이션,KOSDAQ,00909835
352090,스톰테크,KOSDAQ,01226270
352480,씨앤씨인터내셔널,KOSDAQ,01226410
352700,씨앤투스,KOSDAQ,00875237
352770,셀레스트라,KOSDAQ,01201970
352820,하이브,KOSPI,01204056
352910,오비고,KOSDAQ,00494546
352940,인바이오,KOSDAQ,00367871
353190,휴럼,KOSDAQ,01453670
353200,대덕전자,KOSPI,01478712
35320K,대덕전자1우,KOSPI,
353590,오토앤,KOSDAQ,01084294
353810,이지바이오,KOSDAQ,01480568
354200,엔젠바이오,KOSDAQ,01397903
354320,알멕,KOSDAQ,00229030
354390,바스칸바이오제약,KONEX,00533809
355150,코스텍시스,KOSDAQ,01476219
355390,크라우드웍스,KOSDAQ,01514005
355690,에이텀,KOSDAQ,01444380
356680,엑스게이트,KOSDAQ,01372782
356860,티엘비,KOSDAQ,00920379
356890,싸이버원,KOSDAQ,01293953
357120,코람코라이프인프라리츠,KOSPI,01430475
357230,에이치피오,KOSDAQ,01068737
357250,미래에셋맵스리츠,KOSPI,01437292
357430,마스턴프리미어리츠,KOSPI,01442966
357550,석경에이티,KOSDAQ,00921916
357580,아모센스,KOSDAQ,01012987
357780,솔브레인,KOSDAQ,01489648
357880,SKAI,KOSDAQ,01381984
358570,지아이이노베이션,KOSDAQ,01351080
359090,씨엔알리서치,KOSDAQ,01487446
360070,탑머티리얼,KOSDAQ,01360875
360350,코셈,KOSDAQ,01493793
361390,제노코,KOSDAQ,01014718
361570,알비더블유,KOSDAQ,01303029
361610,SK아이이테크놀로지,KOSPI,01386916
361670,삼영에스앤씨,KOSDAQ,00405506
362320,청담글로벌,KOSDAQ,01534577
362990,드림인사이트,KOSDAQ,01492688
363250,진시스템,KOSDAQ,01437858
363260,모비데이즈,KOSDAQ,01493535
363280,티와이홀딩스,KOSPI,01497869
36328K,티와이홀딩스우,KOSPI,
364950,에이아이코리아,KOSDAQ,01307593
365270,큐라클,KOSDAQ,01397772
365330,에스와이스틸텍,KOSDAQ,01135084
365340,성일하이텍,KOSDAQ,01274329
365550,ESR켄달스퀘어리츠,KOSPI,01437186
365590,하이딥,KOSDAQ,01505186
365900,브이씨,KOSDAQ,01354740
366030,공구우먼,KOSDAQ,01307335
367000,플래티어,KOSDAQ,01454341
368030,창대정밀,KONEX,01467336
368600,아이씨에이치,KOSDAQ,01302853
368770,파이버프로,KOSDAQ,01513440
368970,오에스피,KOSDAQ,01491607
369370,블리츠웨이엔터테인먼트,KOSDAQ,01508855
370090,퓨런티어,KOSDAQ,01357446
371950,풍원정밀,KOSDAQ,00417167
372170,윤성에프앤씨,KOSDAQ,00925374
372320,큐로셀,KOSDAQ,01492651
372800,아이티아이즈,KOSDAQ,01429840
372910,한컴라이프케어,KOSPI,00534598
373110,엑셀세라퓨틱스,KOSDAQ,01492217
373160,데이원컴퍼니,KOSDAQ,01455492
373170,엠아이큐브솔루션,KOSDAQ,01497142
373200,엑스플러스,KOSDAQ,01514698
373220,LG에너지솔루션,KOSPI,01515323
375500,DL이앤씨,KOSPI,01524093
37550K,DL이앤씨우,KOSPI,
37550L,DL이앤씨2우(전환),KOSPI,
376180,피코그램,KOSDAQ,00604028
376270,에이치이엠파마,KOSDAQ,01480708
376290,씨유테크,KOSDAQ,00575106
376300,디어유,KOSDAQ,01456011
376900,로킷헬스케어,KOSDAQ,01335143
376930,노을,KOSDAQ,01494118
376980,원티드랩,KOSDAQ,01441611
377030,비트맥스,KOSDAQ,01409095
377190,디앤디플랫폼리츠,KOSPI,01475609
377220,프롬바이오,KOSDAQ,01217865
377300,카카오페이,KOSPI,01244601
377330,이지트로닉스,KOSDAQ,01140837
377450,리파인,KOSDAQ,01210066
377460,위니아에이드,KOSDAQ,01175499
377480,마음AI,KOSDAQ,01297898
377740,바이오노트,KOSPI,00622787
378340,필에너지,KOSDAQ,01488320
378800,샤페론,KOSDAQ,01387164
378850,화승알앤에이,KOSPI,01532603
379390,이성씨엔아이,KONEX,01365384
380540,옵티코어,KOSDAQ,01506990
381620,제닉스,KOSDAQ,01293485
381970,케이카,KOSPI,01323032
382150,온코크로스,KOSDAQ,01423916
382480,지아이텍,KOSDAQ,01311310
382800,지앤비에스 에코,KOSDAQ,00958327
382840,원준,KOSDAQ,01459212
382900,범한퓨얼셀,KOSDAQ,01435489
383220,F&F,KOSPI,01568413
383310,에코프로에이치엔,KOSDAQ,01566248
383800,LX홀딩스,KOSPI,01562589
38380K,LX홀딩스1우,KOSPI,
383930,디티앤씨알오,KOSDAQ,01437432
384470,코어라인소프트,KOSDAQ,01512575
387570,파인메딕스,KOSDAQ,01455410
388050,지투파워,KOSDAQ,01462605
388610,지에프씨생명과학,KONEX,01221752
388720,유일로보틱스,KOSDAQ,01152586
388790,라이콤,KOSDAQ,01569102
388870,파로스아이바이오,KOSDAQ,01495180
389020,자람테크놀로지,KOSDAQ,01365038
389030,지니너스,KOSDAQ,01494154
389140,포바이포,KOSDAQ,01513699
389260,대명에너지,KOSDAQ,01150515
389470,인벤티지랩,KOSDAQ,01516456
389500,에스비비테크,KOSDAQ,00567897
389650,넥스트바이오메디컬,KOSDAQ,01385050
389680,유디엠텍,KOSDAQ,01498576
390110,애니메디솔루션,KONEX,01507810
391710,코닉오토메이션,KOSDAQ,01573284
393210,토마토시스템,KOSDAQ,01436479
393890,더블유씨피,KOSDAQ,01291317
393970,대진첨단소재,KOSDAQ,01549472
394280,오픈엣지테크놀로지,KOSDAQ,01571107
394800,쓰리빌리언,KOSDAQ,01506617
395400,SK리츠,KOSPI,01535150
396270,넥스트칩,KOSDAQ,01515864
396300,세아메카닉스,KOSDAQ,00534701
396470,워트,KOSDAQ,00866451
396690,미래에셋글로벌리츠,KOSPI,01576102
397030,에이프릴바이오,KOSDAQ,01375822
398120,에스지헬스케어,KOSDAQ,01179866
399720,가온칩스,KOSDAQ,01364747
400760,NH올원리츠,KOSPI,01480780
402030,코난테크놀로지,KOSDAQ,00601988
402340,SK스퀘어,KOSPI,01596425
402420,켈스,KONEX,01507722
402490,그린리소스,KOSDAQ,01370863
403360,라피치,KONEX,01466832
403490,우듬지팜,KOSDAQ,01299106
403550,쏘카,KOSPI,01026157
403870,HPSP,KOSDAQ,01288827
404990,신한서부티엔디리츠,KOSPI,01436558
405000,플라즈맵,KOSDAQ,01575839
405100,큐알티,KOSDAQ,01033591
405920,나라셀라,KOSDAQ,01021639
406820,뷰티스킨,KOSDAQ,01147487
407400,꿈비,KOSDAQ,01586455
408900,스튜디오미르,KOSDAQ,01139965
408920,메쎄이상,KOSDAQ,01596656
411080,샌즈랩,KOSDAQ,01242241
412350,레이저쎌,KOSDAQ,01573381
412540,제일엠앤에스,KOSDAQ,00528791
413300,티엘엔지니어링,KONEX,01583953
413390,엠오티,KOSDAQ,01563922
413630,씨피시스템,KOSDAQ,01601222
413640,비아이매트릭스,KOSDAQ,01462739
415380,스튜디오삼익,KOSDAQ,01540815
415640,KB발해인프라,KOSPI,01880801
416180,신성에스티,KOSDAQ,00761183
417010,나노팀,KOSDAQ,01524118
417180,핑거스토리,KOSDAQ,01584934
417200,LS머트리얼즈,KOSDAQ,01528141
417310,코람코더원리츠,KOSPI,01180118
417500,제이아이테크,KOSDAQ,01367586
417790,트루엔,KOSDAQ,01134216
417840,저스템,KOSDAQ,01383229
417860,오브젠,KOSDAQ,01472930
417970,모델솔루션,KOSDAQ,00657783
418250,시큐레터,KOSDAQ,01579570
418420,라온텍,KOSDAQ,00965512
418470,KT밀리의서재,KOSDAQ,01467451
418550,제이오,KOSDAQ,00411808
418620,E8,KOSDAQ,01516890
419050,삼기에너지솔루션즈,KOSDAQ,01526806
419080,엔젯,KOSDAQ,01587056
419120,산돌,KOSDAQ,01516368
419530,SAMG엔터,KOSDAQ,01082418
419540,비스토스,KOSDAQ,01506848
420570,제이투케이바이오,KOSDAQ,01553129
420770,기가비스,KOSDAQ,00765569
424760,벨로크,KOSDAQ,01622331
424870,이뮨온시아,KOSDAQ,01203659
424960,스마트레이더시스템,KOSDAQ,01555215
424980,마이크로투나노,KOSDAQ,00624378
425040,티이엠씨,KOSDAQ,01301252
425420,티에프이,KOSDAQ,01035368
429270,시지트로닉스,KOSDAQ,01284751
430220,신영스팩8호,KOSDAQ,01656374
430690,한싹,KOSDAQ,01602638
431190,케이쓰리아이,KOSDAQ,01689266
432320,KB스타리츠,KOSPI,01622720
432430,와이랩,KOSDAQ,01406265
432470,케이엔에스,KOSDAQ,01402995
432720,퀄리타스반도체,KOSDAQ,01584183
432980,엠에프씨,KOSDAQ,01217795
434190,탈로스,KONEX,01020269
434480,모니터랩,KOSDAQ,01583652
435570,에르코스,KOSDAQ,01253636
437730,삼현,KOSDAQ,00262266
438580,엔에이치스팩25호,KOSDAQ,01674468
438700,버넥트,KOSDAQ,01605529
439090,마녀공장,KOSDAQ,01136977
439410,엔에이치스팩26호,KOSDAQ,01675254
439580,블루엠텍,KOSDAQ,01559637
440110,파두,KOSDAQ,01292291
440290,HB인베스트먼트,KOSDAQ,00309460
440320,오픈놀,KOSDAQ,01585155
440790,교보13호스팩,KOSDAQ,01677678
440820,엔에이치스팩27호,KOSDAQ,01677429
441270,파인엠텍,KOSDAQ,01686755
442130,유진스팩9호,KOSDAQ,01678835
442310,대신밸런스제14호스팩,KOSDAQ,01696451
442770,IBKS제21호스팩,KOSDAQ,01682740
442900,미래에셋드림스팩1호,KOSDAQ,01683387
443060,HD현대마린솔루션,KOSPI,01194689
443250,레뷰코퍼레이션,KOSDAQ,01468061
443670,에스피소프트,KOSDAQ,01381391
444530,심플랫폼,KOSDAQ,01590980
444920,유안타제11호스팩,KOSDAQ,01688346
445090,에이직랜드,KOSDAQ,01540453
445180,퓨릿,KOSDAQ,01027828
445360,비엔케이제1호스팩,KOSDAQ,01689336
445680,큐리옥스바이오시스템즈,KOSDAQ,01498974
445970,신영스팩9호,KOSDAQ,01689938
446070,유니드비티플러스,KOSPI,01702017
446150,유안타제12호스팩,KOSDAQ,01690235
446190,미래에셋비전스팩2호,KOSDAQ,01692321
446440,에피바이오텍,KONEX,01281541
446540,메가터치,KOSDAQ,00923516
446750,하나26호스팩,KOSDAQ,01696275
446840,키움제8호스팩,KOSDAQ,01693922
447690,아이오바이오,KONEX,01680131
448280,에코아이,KOSDAQ,01218299
448370,하나27호스팩,KOSDAQ,01700374
448710,코츠테크놀로지,KOSDAQ,00959210
448730,삼성FN리츠,KOSPI,01688896
448740,삼성스팩8호,KOSDAQ,01700921
448760,IBKS제22호스팩,KOSDAQ,01701328
448780,마이크로엔엑스,KONEX,01206717
448830,미래에셋비전스팩3호,KOSDAQ,01702424
448900,한국피아이엠,KOSDAQ,00765897
449020,유안타제13호스팩,KOSDAQ,01701753
450050,하이제8호스팩,KOSDAQ,01705625
450080,에코프로머티,KOSPI,01311408
450140,코오롱모빌리티그룹,KOSPI,01712485
45014K,코오롱모빌리티그룹우,KOSPI,
450330,하스,KOSDAQ,01663569
450520,인스웨이브,KOSDAQ,01222113
450940,유안타제14호스팩,KOSDAQ,01706819
450950,아스테라시스,KOSDAQ,01590528
451220,아이엠티,KOSDAQ,01546101
451250,삐아,KOSDAQ,01283974
451700,엔에이치스팩29호,KOSDAQ,01712616
451760,컨텍,KOSDAQ,01685251
451800,한화리츠,KOSPI,01669226
452160,제이엔비,KOSDAQ,01309421
452190,한빛레이저,KOSDAQ,00607496
452200,민테크,KOSDAQ,01689035
452260,한화갤러리아,KOSPI,01722437
45226K,한화갤러리아우,KOSPI,
452280,한선엔지니어링,KOSDAQ,00958451
452300,캡스톤파트너스,KOSDAQ,01497124
452400,이닉스,KOSDAQ,00338170
452430,사피엔반도체,KOSDAQ,01676642
452450,피아이이,KOSDAQ,01429220
452670,상상인제4호스팩,KOSDAQ,01717170
452980,신한제11호스팩,KOSDAQ,01719105
453340,현대그린푸드,KOSPI,01721809
453450,그리드위즈,KOSDAQ,01299203
453860,에이에스텍,KOSDAQ,01538528
454640,하나29호스팩,KOSDAQ,01724417
454750,하나28호스팩,KOSDAQ,01724338
454910,두산로보틱스,KOSPI,01105153
455250,KB제25호스팩,KOSDAQ,01724709
455310,한화플러스제4호스팩,KOSDAQ,01725160
455900,엔젤로보틱스,KOSDAQ,01592049
455910,에스케이증권제9호스팩,KOSDAQ,01725577
456010,아이씨티케이,KOSDAQ,01373709
456040,OCI,KOSPI,01760738
456070,이엔셀,KOSDAQ,01544468
456190,큐라켐,KONEX,01205514
456490,교보14호스팩,KOSDAQ,01760640
456570,아이엠지티,KONEX,01579020
456700,길교이앤씨,KONEX,00874797
457190,이수스페셜티케미컬,KOSPI,01762569
457370,한켐,KOSDAQ,01016309
457550,우진엔텍,KOSDAQ,01030503
457600,벡트,KOSDAQ,01453944
457630,대신밸런스제16호스팩,KOSDAQ,01738483
457940,에스케이증권제10호스팩,KOSDAQ,01744703
458610,한국제12호스팩,KOSDAQ,01761296
458650,성우,KOSDAQ,00319272
458870,씨어스테크놀로지,KOSDAQ,01514227
459100,위츠,KOSDAQ,01445440
459510,나우로보틱스,KOSDAQ,01594791
460470,아이빔테크놀로지,KOSDAQ,01678312
460850,동국씨엠,KOSPI,01765256
460860,동국제강,KOSPI,01765265
460870,에스엠씨지,KOSDAQ,01142260
460930,현대힘스,KOSDAQ,00667373
460940,피앤에스미캐닉스,KOSDAQ,01419205
461030,아이엠비디엑스,KOSDAQ,01497373
461300,아이스크림미디어,KOSDAQ,00657224
462020,에이치엠씨제6호스팩,KOSDAQ,01767494
462350,이노스페이스,KOSDAQ,01700587
462510,라메디텍,KOSDAQ,01504211
462520,조선내화,KOSPI,01770203
462860,더즌,KOSDAQ,01563667
462870,시프트업,KOSPI,01384787
462980,아이지넷,KOSDAQ,01728167
463480,모티브링크,KOSDAQ,00367400
464080,에스오에스랩,KOSDAQ,01686427
464280,티디에스팜,KOSDAQ,01232192
464440,한국제13호스팩,KOSDAQ,01775952
464500,아이언디바이스,KOSDAQ,01706794
464580,닷밀,KOSDAQ,01605282
464680,KB제27호스팩,KOSDAQ,01785551
465320,교보15호스팩,KOSDAQ,01781847
465480,인스피언,KOSDAQ,01284876
465770,STX그린로지스,KOSPI,01784394
466100,클로봇,KOSDAQ,01784914
466410,사이냅소프트,KOSDAQ,01207901
466910,엔에이치스팩30호,KOSDAQ,01785056
467930,IBKS제23호스팩,KOSDAQ,01785700
468510,삼성스팩9호,KOSDAQ,01786514
468760,유진스팩10호,KOSDAQ,01787072
469480,IBKS제24호스팩,KOSDAQ,01792791
469750,아이비젼웍스,KOSDAQ,01516766
469880,하나30호스팩,KOSDAQ,01791321
469900,하나31호스팩,KOSDAQ,01791561
471050,대신밸런스제17호스팩,KOSDAQ,01792825
471820,셀로맥스사이언스,KOSDAQ,01448544
472220,신영스팩10호,KOSDAQ,01796858
472230,에스케이증권제11호스팩,KOSDAQ,01797440
472850,폰드그룹,KOSDAQ,01806951
473000,에스케이증권제12호스팩,KOSDAQ,01798722
473050,유안타제15호스팩,KOSDAQ,01798980
473370,비엔케이제2호스팩,KOSDAQ,01800285
473950,에스케이증권제13호스팩,KOSDAQ,01801822
473980,노머스,KOSDAQ,01703849
474170,루미르,KOSDAQ,01636565
474490,유안타제16호스팩,KOSDAQ,01804476
474610,RF시스템즈,KOSDAQ,01286476
474660,신한제12호스팩,KOSDAQ,01809569
474930,신한제13호스팩,KOSDAQ,01807747
475150,SK이터닉스,KOSPI,01817081
475240,하나32호스팩,KOSDAQ,01807738
475250,하나33호스팩,KOSDAQ,01807729
475400,씨메스,KOSDAQ,01588189
475430,키스트론,KOSDAQ,
475460,미트박스,KOSDAQ,01374717
475560,더본코리아,KOSPI,00968607
475580,에이럭스,KOSDAQ,01641600
475660,에스켐,KOSDAQ,01383779
475830,오름테라퓨틱,KOSDAQ,01658831
475960,토모큐브,KOSDAQ,01573336
476040,오가노이드사이언스,KOSDAQ,01626391
476060,온코닉테라퓨틱스,KOSDAQ,01632912
476080,M83,KOSDAQ,01704680
476470,KB제28호스팩,KOSDAQ,01810796
476710,타조엔터테인먼트,KONEX,01518506
477340,에이치엠씨제7호스팩,KOSDAQ,01813377
477380,미래에셋비전스팩4호,KOSDAQ,01814233
477470,미래에셋비전스팩5호,KOSDAQ,01817249
477760,DB금융스팩12호,KOSDAQ,01814589
478110,이베스트스팩6호,KOSDAQ,01815764
478390,KB제29호스팩,KOSDAQ,01816268
478440,미래에셋비전스팩6호,KOSDAQ,01819867
478560,블랙야크아이앤씨,KOSDAQ,01718407
478780,대신밸런스제18호스팩,KOSDAQ,01817610
479880,한국제15호스팩,KOSDAQ,01818682
479960,위너스,KOSDAQ,01137860
480370,씨케이솔루션,KOSPI,01210677
481070,에이유브랜즈,KOSDAQ,01803927
481850,신한글로벌액티브리츠,KOSPI,01714997
481890,엔에이치스팩31호,KOSDAQ,01834194
482520,교보16호스팩,KOSDAQ,01845701
482630,삼양엔씨켐,KOSDAQ,00863533
482680,미래에셋비전스팩7호,KOSDAQ,01841635
482690,대신밸런스제19호스팩,KOSDAQ,01845534
483650,달바글로벌,KOSPI,
484130,하나34호스팩,KOSDAQ,01847550
484810,티엑스알로보틱스,KOSDAQ,01458161
484870,엠앤씨솔루션,KOSPI,01519790
486630,KB제30호스팩,KOSDAQ,01851650
487360,신한제14호스팩,KOSDAQ,01853214
487570,HS효성,KOSPI,01854763
487720,키움제10호스팩,KOSDAQ,01877126
487830,신한제15호스팩,KOSDAQ,01854408
488060,유진스팩11호,KOSDAQ,01854392
489210,교보17호스팩,KOSDAQ,01866528
489460,바이오비쥬,KOSDAQ,01657197
489480,키움제11호스팩,KOSDAQ,01873272
489500,엘케이켐,KOSDAQ,01747977
489730,디비금융제13호스팩,KOSDAQ,01857991
489790,한화비전,KOSPI,01867758
492220,KB제31호스팩,KOSDAQ,01866926
493790,유안타제17호스팩,KOSDAQ,01872219
495810,유비씨,KONEX,01867749
495900,에이엠시지,KONEX,01872893
496070,신한제16호스팩,KOSDAQ,
498390,한화플러스제5호스팩,KOSDAQ,01881800
499790,GS피앤엘,KOSPI,01882845
900070,글로벌에스엠,KOSDAQ,00783246
900100,애머릿지,KOSDAQ,00781202
900110,이스트아시아홀딩스,KOSDAQ,00799070
900120,씨엑스아이,KOSDAQ,00800084
900140,엘브이엠씨홀딩스,KOSPI,00838500
900250,크리스탈신소재,KOSDAQ,01107665
900260,로스웰,KOSDAQ,01139266
900270,헝셩그룹,KOSDAQ,01160512
900290,GRT,KOSDAQ,01170962
900300,오가닉티코스메틱,KOSDAQ,01169434
900310,컬러레이,KOSDAQ,01236286
900340,윙입푸드,KOSDAQ,01328639
950110,SBI핀테크솔루션즈,KOSDAQ,00938688
950130,엑세스바이오,KOSDAQ,00956028
950140,잉글우드랩,KOSDAQ,01165739
950160,코오롱티슈진,KOSDAQ,01245062
950170,JTC,KOSDAQ,01041828
950190,고스트스튜디오,KOSDAQ,01416235
950200,소마젠,KOSDAQ,01442115
950210,프레스티지바이오파마,KOSPI,01510489
950220,네오이뮨텍,KOSDAQ,01511558
